,Unnamed: 0,a,ab,b,c,pentamer,F,carbazole,N-Boc,N-H,halide,Step details,RouteScore details,Isolated,RouteScore,log(RouteScore),Total manual steps,Successfully processed?,Route type,Type,Manual steps
0,325.0,CC(C)(C)OC(=O)n1ccc2cc(B3OC(C)(C)C(C)(C)O3)ccc21,CC(C)(C)OC(=O)n1ccc2cc(-c3ncccc3[B-]34OC(=O)C[N+]3(C)CC(=O)O4)ccc21,C[N+]12CC(=O)O[B-]1(c1cccnc1Br)OC(=O)C2,Fc1cc(Br)c(F)cc1Br,c1cnc(-c2ccc3c(ccn3-c3cnccn3)c2)c(-c2cc(-n3c4ccccc4c4ccccc43)c(-c3cccnc3-c3ccc4c(ccn4-c4cnccn4)c3)cc2-n2c3ccccc3c3ccccc32)c1,CC(C)(C)OC(=O)n1ccc2cc(-c3ncccc3-c3cc(F)c(-c4cccnc4-c4ccc5c(ccn5C(=O)OC(C)(C)C)c4)cc3F)ccc21,c1ccc2c(c1)[nH]c1ccccc12,CC(C)(C)OC(=O)n1ccc2cc(-c3ncccc3-c3cc(-n4c5ccccc5c5ccccc54)c(-c4cccnc4-c4ccc5c(ccn5C(=O)OC(C)(C)C)c4)cc3-n3c4ccccc4c4ccccc43)ccc21,c1cnc(-c2ccc3[nH]ccc3c2)c(-c2cc(-n3c4ccccc4c4ccccc43)c(-c3cccnc3-c3ccc4[nH]ccc4c3)cc2-n2c3ccccc3c3ccccc32)c1,Brc1nccnc1,"[{'reaction': 'Suzuki', 'StepScore': 1.2055307275396088, 'cost': 1.2055307275396088, 'time': 0.24804259351539967, 'money': 26.903945726666663, 'materials': 0.18064920000000004, 'yield': 1, '# man steps': 0}, {'reaction': 'Suzuki', 'StepScore': 0.2101280044865379, 'cost': 0.2101280044865379, 'time': 0.24804259351539967, 'money': 13.048796699999999, 'materials': 0.06492130000000003, 'yield': 1, '# man steps': 0}, {'reaction': 'SNAr', 'StepScore': 383.4533224310386, 'cost': 383.4533224310386, 'time': 20.099532983070638, 'money': 344.5155888, 'materials': 0.05537550000000001, 'yield': 1, '# man steps': 1}, {'reaction': 'Buchwald_deprotection', 'StepScore': 210.25356419147988, 'cost': 210.25356419147988, 'time': 20.099532983070638, 'money': 344.393869, 'materials': 0.030373999999999995, 'yield': 1, '# man steps': 1}, {'reaction': 'Buchwald', 'StepScore': 215.07145563457033, 'cost': 215.07145563457033, 'time': 18.553415061295972, 'money': 321.03299246666666, 'materials': 0.03610848333333334, 'yield': 1, '# man steps': 1}]","{'RouteScore': 48611640.0593469, 'Cost factor': 48611640.0593469, 'sum Stepscores': 810.194000989115, 'n_Target': 1.6666666666666667e-05}",0.01581823333333333,48611640.0593469,7.686740273547469,3.0,True,S-B,Automated,After
2,362.0,CC(C)(C)OC(=O)n1ccc2cc(B3OC(C)(C)C(C)(C)O3)ccc21,CC(C)(C)OC(=O)n1ccc2cc(-c3cccc(F)c3[B-]34OC(=O)C[N+]3(C)CC(=O)O4)ccc21,C[N+]12CC(=O)O[B-]1(c1c(F)cccc1Br)OC(=O)C2,Brc1ccc(Br)nc1,c1cc(-c2ccc3c(ccn3-c3cnccn3)c2)c(-c2ccc(-c3c(-c4ccc5c(ccn5-c5cnccn5)c4)cccc3-n3c4ccccc4c4ccccc43)nc2)c(-n2c3ccccc3c3ccccc32)c1,CC(C)(C)OC(=O)n1ccc2cc(-c3cccc(F)c3-c3ccc(-c4c(F)cccc4-c4ccc5c(ccn5C(=O)OC(C)(C)C)c4)nc3)ccc21,c1ccc2c(c1)[nH]c1ccccc12,CC(C)(C)OC(=O)n1ccc2cc(-c3cccc(-n4c5ccccc5c5ccccc54)c3-c3ccc(-c4c(-c5ccc6c(ccn6C(=O)OC(C)(C)C)c5)cccc4-n4c5ccccc5c5ccccc54)nc3)ccc21,c1cc(-c2ccc3[nH]ccc3c2)c(-c2ccc(-c3c(-c4ccc5[nH]ccc5c4)cccc3-n3c4ccccc4c4ccccc43)nc2)c(-n2c3ccccc3c3ccccc32)c1,Brc1nccnc1,"[{'reaction': 'Suzuki', 'StepScore': 1.2242741749242523, 'cost': 1.2242741749242523, 'time': 0.24804259351539967, 'money': 27.067496306666666, 'materials': 0.18234940000000002, 'yield': 1, '# man steps': 0}, {'reaction': 'Suzuki', 'StepScore': 0.21356404151459185, 'cost': 0.21356404151459185, 'time': 0.24804259351539967, 'money': 13.037850066666666, 'materials': 0.06603830000000005, 'yield': 1, '# man steps': 0}, {'reaction': 'SNAr', 'StepScore': 383.33929731085556, 'cost': 383.33929731085556, 'time': 20.099532983070638, 'money': 344.5155888, 'materials': 0.05535903333333334, 'yield': 1, '# man steps': 1}, {'reaction': 'Buchwald_deprotection', 'StepScore': 210.13957935718022, 'cost': 210.13957935718022, 'time': 20.099532983070638, 'money': 344.393869, 'materials': 0.030357533333333336, 'yield': 1, '# man steps': 1}, {'reaction': 'Buchwald', 'StepScore': 214.9733759136151, 'cost': 214.9733759136151, 'time': 18.553415061295972, 'money': 321.03299246666666, 'materials': 0.036092016666666664, 'yield': 1, '# man steps': 1}]","{'RouteScore': 48593405.44788538, 'Cost factor': 48593405.44788538, 'sum Stepscores': 809.8900907980897, 'n_Target': 1.6666666666666667e-05}",0.015801766666666665,48593405.44788538,7.68657733568372,3.0,True,S-B,Automated,After
3,363.0,CC(C)(C)OC(=O)n1ccc2cc(B3OC(C)(C)C(C)(C)O3)ccc21,CC(C)(C)OC(=O)n1ccc2cc(-c3cccc(F)c3[B-]34OC(=O)C[N+]3(C)CC(=O)O4)ccc21,C[N+]12CC(=O)O[B-]1(c1c(F)cccc1Br)OC(=O)C2,Fc1cc(Br)c(F)cc1Br,c1cc(-c2ccc3c(ccn3-c3cnccn3)c2)c(-c2cc(-n3c4ccccc4c4ccccc43)c(-c3c(-c4ccc5c(ccn5-c5cnccn5)c4)cccc3-n3c4ccccc4c4ccccc43)cc2-n2c3ccccc3c3ccccc32)c(-n2c3ccccc3c3ccccc32)c1,CC(C)(C)OC(=O)n1ccc2cc(-c3cccc(F)c3-c3cc(F)c(-c4c(F)cccc4-c4ccc5c(ccn5C(=O)OC(C)(C)C)c4)cc3F)ccc21,c1ccc2c(c1)[nH]c1ccccc12,CC(C)(C)OC(=O)n1ccc2cc(-c3cccc(-n4c5ccccc5c5ccccc54)c3-c3cc(-n4c5ccccc5c5ccccc54)c(-c4c(-c5ccc6c(ccn6C(=O)OC(C)(C)C)c5)cccc4-n4c5ccccc5c5ccccc54)cc3-n3c4ccccc4c4ccccc43)ccc21,c1cc(-c2ccc3[nH]ccc3c2)c(-c2cc(-n3c4ccccc4c4ccccc43)c(-c3c(-c4ccc5[nH]ccc5c4)cccc3-n3c4ccccc4c4ccccc43)cc2-n2c3ccccc3c3ccccc32)c(-n2c3ccccc3c3ccccc32)c1,Brc1nccnc1,"[{'reaction': 'Suzuki', 'StepScore': 1.2242741749242523, 'cost': 1.2242741749242523, 'time': 0.24804259351539967, 'money': 27.067496306666666, 'materials': 0.18234940000000002, 'yield': 1, '# man steps': 0}, {'reaction': 'Suzuki', 'StepScore': 0.21563096935674247, 'cost': 0.21563096935674247, 'time': 0.24804259351539967, 'money': 13.048796699999999, 'materials': 0.06662150000000003, 'yield': 1, '# man steps': 0}, {'reaction': 'SNAr', 'StepScore': 690.6078572466733, 'cost': 690.6078572466733, 'time': 20.099532983070638, 'money': 344.7261776, 'materials': 0.09967156666666667, 'yield': 1, '# man steps': 1}, {'reaction': 'Buchwald_deprotection', 'StepScore': 248.14244614665023, 'cost': 248.14244614665023, 'time': 20.099532983070638, 'money': 344.393869, 'materials': 0.03584756666666666, 'yield': 1, '# man steps': 1}, {'reaction': 'Buchwald', 'StepScore': 247.67343283880612, 'cost': 247.67343283880612, 'time': 18.553415061295972, 'money': 321.03299246666666, 'materials': 0.041582049999999995, 'yield': 1, '# man steps': 1}]","{'RouteScore': 71271818.48258464, 'Cost factor': 71271818.48258464, 'sum Stepscores': 1187.8636413764107, 'n_Target': 1.6666666666666667e-05}",0.021291799999999996,71271818.48258464,7.852917839853172,3.0,True,S-B,Automated,After
4,364.0,CC(C)(C)OC(=O)n1ccc2cc(B3OC(C)(C)C(C)(C)O3)ccc21,CC(C)(C)OC(=O)n1ccc2cc(-c3cccc(F)c3[B-]34OC(=O)C[N+]3(C)CC(=O)O4)ccc21,C[N+]12CC(=O)O[B-]1(c1c(F)cccc1Br)OC(=O)C2,Brc1cc(Br)c2ccccc2c1,c1cc(-c2ccc3c(ccn3-c3cnccn3)c2)c(-c2cc(-c3c(-c4ccc5c(ccn5-c5cnccn5)c4)cccc3-n3c4ccccc4c4ccccc43)c3ccccc3c2)c(-n2c3ccccc3c3ccccc32)c1,CC(C)(C)OC(=O)n1ccc2cc(-c3cccc(F)c3-c3cc(-c4c(F)cccc4-c4ccc5c(ccn5C(=O)OC(C)(C)C)c4)c4ccccc4c3)ccc21,c1ccc2c(c1)[nH]c1ccccc12,CC(C)(C)OC(=O)n1ccc2cc(-c3cccc(-n4c5ccccc5c5ccccc54)c3-c3cc(-c4c(-c5ccc6c(ccn6C(=O)OC(C)(C)C)c5)cccc4-n4c5ccccc5c5ccccc54)c4ccccc4c3)ccc21,c1cc(-c2ccc3[nH]ccc3c2)c(-c2cc(-c3c(-c4ccc5[nH]ccc5c4)cccc3-n3c4ccccc4c4ccccc43)c3ccccc3c2)c(-n2c3ccccc3c3ccccc32)c1,Brc1nccnc1,"[{'reaction': 'Suzuki', 'StepScore': 1.2242741749242523, 'cost': 1.2242741749242523, 'time': 0.24804259351539967, 'money': 27.067496306666666, 'materials': 0.18234940000000002, 'yield': 1, '# man steps': 0}, {'reaction': 'Suzuki', 'StepScore': 0.26279245046489685, 'cost': 0.26279245046489685, 'time': 0.24804259351539967, 'money': 15.84693035, 'materials': 0.0668561666666667, 'yield': 1, '# man steps': 0}, {'reaction': 'SNAr', 'StepScore': 389.0026988266691, 'cost': 389.0026988266691, 'time': 20.099532983070638, 'money': 344.5155888, 'materials': 0.05617690000000001, 'yield': 1, '# man steps': 1}, {'reaction': 'Buchwald_deprotection', 'StepScore': 215.80097995308697, 'cost': 215.80097995308697, 'time': 20.099532983070638, 'money': 344.393869, 'materials': 0.0311754, 'yield': 1, '# man steps': 1}, {'reaction': 'Buchwald', 'StepScore': 219.8448010823541, 'cost': 219.8448010823541, 'time': 18.553415061295972, 'money': 321.03299246666666, 'materials': 0.03690988333333333, 'yield': 1, '# man steps': 1}]","{'RouteScore': 49568132.78924996, 'Cost factor': 49568132.78924996, 'sum Stepscores': 826.1355464874994, 'n_Target': 1.6666666666666667e-05}",0.01661963333333333,49568132.78924996,7.695202559522488,3.0,True,S-B,Automated,After
5,365.0,CC(C)(C)OC(=O)n1ccc2cc(B3OC(C)(C)C(C)(C)O3)ccc21,CC(C)(C)OC(=O)n1ccc2cc(-c3cccc(F)c3[B-]34OC(=O)C[N+]3(C)CC(=O)O4)ccc21,C[N+]12CC(=O)O[B-]1(c1c(F)cccc1Br)OC(=O)C2,Clc1cc(Br)sc1Br,Clc1cc(-c2c(-c3ccc4c(ccn4-c4cnccn4)c3)cccc2-n2c3ccccc3c3ccccc32)sc1-c1c(-c2ccc3c(ccn3-c3cnccn3)c2)cccc1-n1c2ccccc2c2ccccc21,CC(C)(C)OC(=O)n1ccc2cc(-c3cccc(F)c3-c3cc(Cl)c(-c4c(F)cccc4-c4ccc5c(ccn5C(=O)OC(C)(C)C)c4)s3)ccc21,c1ccc2c(c1)[nH]c1ccccc12,CC(C)(C)OC(=O)n1ccc2cc(-c3cccc(-n4c5ccccc5c5ccccc54)c3-c3cc(Cl)c(-c4c(-c5ccc6c(ccn6C(=O)OC(C)(C)C)c5)cccc4-n4c5ccccc5c5ccccc54)s3)ccc21,Clc1cc(-c2c(-c3ccc4[nH]ccc4c3)cccc2-n2c3ccccc3c3ccccc32)sc1-c1c(-c2ccc3[nH]ccc3c2)cccc1-n1c2ccccc2c2ccccc21,Brc1nccnc1,"[{'reaction': 'Suzuki', 'StepScore': 1.2242741749242523, 'cost': 1.2242741749242523, 'time': 0.24804259351539967, 'money': 27.067496306666666, 'materials': 0.18234940000000002, 'yield': 1, '# man steps': 0}, {'reaction': 'Suzuki', 'StepScore': 0.2756841176108172, 'cost': 0.2756841176108172, 'time': 0.24804259351539967, 'money': 16.664147076666666, 'materials': 0.06669640000000004, 'yield': 1, '# man steps': 0}, {'reaction': 'SNAr', 'StepScore': 387.8963781767956, 'cost': 387.8963781767956, 'time': 20.099532983070638, 'money': 344.5155888, 'materials': 0.05601713333333334, 'yield': 1, '# man steps': 1}, {'reaction': 'Buchwald_deprotection', 'StepScore': 214.69505017414252, 'cost': 214.69505017414252, 'time': 20.099532983070638, 'money': 344.393869, 'materials': 0.031015633333333337, 'yield': 1, '# man steps': 1}, {'reaction': 'Buchwald', 'StepScore': 218.8931895387543, 'cost': 218.8931895387543, 'time': 18.553415061295972, 'money': 321.03299246666666, 'materials': 0.03675011666666667, 'yield': 1, '# man steps': 1}]","{'RouteScore': 49379074.57093365, 'Cost factor': 49379074.57093365, 'sum Stepscores': 822.9845761822276, 'n_Target': 1.6666666666666667e-05}",0.016459866666666663,49379074.57093365,7.693542946420072,3.0,True,S-B,Automated,After
6,366.0,CC(C)(C)OC(=O)n1ccc2cc(B3OC(C)(C)C(C)(C)O3)ccc21,CC(C)(C)OC(=O)n1ccc2cc(-c3cccc(F)c3[B-]34OC(=O)C[N+]3(C)CC(=O)O4)ccc21,C[N+]12CC(=O)O[B-]1(c1c(F)cccc1Br)OC(=O)C2,Cc1nc2c(Br)c3nsnc3c(Br)c2nc1C,Cc1nc2c(-c3c(-c4ccc5c(ccn5-c5cnccn5)c4)cccc3-n3c4ccccc4c4ccccc43)c3nsnc3c(-c3c(-c4ccc5c(ccn5-c5cnccn5)c4)cccc3-n3c4ccccc4c4ccccc43)c2nc1C,Cc1nc2c(-c3c(F)cccc3-c3ccc4c(ccn4C(=O)OC(C)(C)C)c3)c3nsnc3c(-c3c(F)cccc3-c3ccc4c(ccn4C(=O)OC(C)(C)C)c3)c2nc1C,c1ccc2c(c1)[nH]c1ccccc12,Cc1nc2c(-c3c(-c4ccc5c(ccn5C(=O)OC(C)(C)C)c4)cccc3-n3c4ccccc4c4ccccc43)c3nsnc3c(-c3c(-c4ccc5c(ccn5C(=O)OC(C)(C)C)c4)cccc3-n3c4ccccc4c4ccccc43)c2nc1C,Cc1nc2c(-c3c(-c4ccc5[nH]ccc5c4)cccc3-n3c4ccccc4c4ccccc43)c3nsnc3c(-c3c(-c4ccc5[nH]ccc5c4)cccc3-n3c4ccccc4c4ccccc43)c2nc1C,Brc1nccnc1,"[{'reaction': 'Suzuki', 'StepScore': 1.2242741749242523, 'cost': 1.2242741749242523, 'time': 0.24804259351539967, 'money': 27.067496306666666, 'materials': 0.18234940000000002, 'yield': 1, '# man steps': 0}, {'reaction': 'Suzuki', 'StepScore': 0.37704397981842946, 'cost': 0.37704397981842946, 'time': 0.24804259351539967, 'money': 22.247940518333333, 'materials': 0.0683244166666667, 'yield': 1, '# man steps': 0}, {'reaction': 'SNAr', 'StepScore': 399.1697463595919, 'cost': 399.1697463595919, 'time': 20.099532983070638, 'money': 344.5155888, 'materials': 0.05764515, 'yield': 1, '# man steps': 1}, {'reaction': 'Buchwald_deprotection', 'StepScore': 225.96443539603618, 'cost': 225.96443539603618, 'time': 20.099532983070638, 'money': 344.393869, 'materials': 0.032643649999999996, 'yield': 1, '# man steps': 1}, {'reaction': 'Buchwald', 'StepScore': 228.59007741590614, 'cost': 228.59007741590614, 'time': 18.553415061295972, 'money': 321.03299246666666, 'materials': 0.03837813333333333, 'yield': 1, '# man steps': 1}]","{'RouteScore': 51319534.639576614, 'Cost factor': 51319534.639576614, 'sum Stepscores': 855.325577326277, 'n_Target': 1.6666666666666667e-05}",0.018087883333333325,51319534.639576614,7.710282709581684,3.0,True,S-B,Automated,After
7,367.0,CC(C)(C)OC(=O)n1ccc2cc(B3OC(C)(C)C(C)(C)O3)ccc21,CC(C)(C)OC(=O)n1ccc2cc(-c3cccc(F)c3[B-]34OC(=O)C[N+]3(C)CC(=O)O4)ccc21,C[N+]12CC(=O)O[B-]1(c1c(F)cccc1Br)OC(=O)C2,Brc1ccccc1Oc1ccccc1Br,c1ccc(-c2c(-c3ccc4c(ccn4-c4cnccn4)c3)cccc2-n2c3ccccc3c3ccccc32)c(Oc2ccccc2-c2c(-c3ccc4c(ccn4-c4cnccn4)c3)cccc2-n2c3ccccc3c3ccccc32)c1,CC(C)(C)OC(=O)n1ccc2cc(-c3cccc(F)c3-c3ccccc3Oc3ccccc3-c3c(F)cccc3-c3ccc4c(ccn4C(=O)OC(C)(C)C)c3)ccc21,c1ccc2c(c1)[nH]c1ccccc12,CC(C)(C)OC(=O)n1ccc2cc(-c3cccc(-n4c5ccccc5c5ccccc54)c3-c3ccccc3Oc3ccccc3-c3c(-c4ccc5c(ccn5C(=O)OC(C)(C)C)c4)cccc3-n3c4ccccc4c4ccccc43)ccc21,c1ccc(-c2c(-c3ccc4[nH]ccc4c3)cccc2-n2c3ccccc3c3ccccc32)c(Oc2ccccc2-c2c(-c3ccc4[nH]ccc4c3)cccc2-n2c3ccccc3c3ccccc32)c1,Brc1nccnc1,"[{'reaction': 'Suzuki', 'StepScore': 1.2242741749242523, 'cost': 1.2242741749242523, 'time': 0.24804259351539967, 'money': 27.067496306666666, 'materials': 0.18234940000000002, 'yield': 1, '# man steps': 0}, {'reaction': 'Suzuki', 'StepScore': 0.22988176865096793, 'cost': 0.22988176865096793, 'time': 0.24804259351539967, 'money': 13.718584523333332, 'materials': 0.06755678333333337, 'yield': 1, '# man steps': 0}, {'reaction': 'SNAr', 'StepScore': 393.8541907063612, 'cost': 393.8541907063612, 'time': 20.099532983070638, 'money': 344.5155888, 'materials': 0.05687751666666667, 'yield': 1, '# man steps': 1}, {'reaction': 'Buchwald_deprotection', 'StepScore': 220.6507577663029, 'cost': 220.6507577663029, 'time': 20.099532983070638, 'money': 344.393869, 'materials': 0.031876016666666666, 'yield': 1, '# man steps': 1}, {'reaction': 'Buchwald', 'StepScore': 224.0178549586641, 'cost': 224.0178549586641, 'time': 18.553415061295972, 'money': 321.03299246666666, 'materials': 0.0376105, 'yield': 1, '# man steps': 1}]","{'RouteScore': 50398617.5624942, 'Cost factor': 50398617.5624942, 'sum Stepscores': 839.9769593749035, 'n_Target': 1.6666666666666667e-05}",0.017320249999999995,50398617.5624942,7.702418623881744,3.0,True,S-B,Automated,After
8,368.0,CC(C)(C)OC(=O)n1ccc2cc(B3OC(C)(C)C(C)(C)O3)ccc21,CC(C)(C)OC(=O)n1ccc2cc(-c3cccc(F)c3[B-]34OC(=O)C[N+]3(C)CC(=O)O4)ccc21,C[N+]12CC(=O)O[B-]1(c1c(F)cccc1Br)OC(=O)C2,CC(C)(C)c1ccc2c(Br)c3ccccc3c(Br)c2c1,CC(C)(C)c1ccc2c(-c3c(-c4ccc5c(ccn5-c5cnccn5)c4)cccc3-n3c4ccccc4c4ccccc43)c3ccccc3c(-c3c(-c4ccc5c(ccn5-c5cnccn5)c4)cccc3-n3c4ccccc4c4ccccc43)c2c1,CC(C)(C)OC(=O)n1ccc2cc(-c3cccc(F)c3-c3c4ccccc4c(-c4c(F)cccc4-c4ccc5c(ccn5C(=O)OC(C)(C)C)c4)c4cc(C(C)(C)C)ccc34)ccc21,c1ccc2c(c1)[nH]c1ccccc12,CC(C)(C)OC(=O)n1ccc2cc(-c3cccc(-n4c5ccccc5c5ccccc54)c3-c3c4ccccc4c(-c4c(-c5ccc6c(ccn6C(=O)OC(C)(C)C)c5)cccc4-n4c5ccccc5c5ccccc54)c4cc(C(C)(C)C)ccc34)ccc21,CC(C)(C)c1ccc2c(-c3c(-c4ccc5[nH]ccc5c4)cccc3-n3c4ccccc4c4ccccc43)c3ccccc3c(-c3c(-c4ccc5[nH]ccc5c4)cccc3-n3c4ccccc4c4ccccc43)c2c1,Brc1nccnc1,"[{'reaction': 'Suzuki', 'StepScore': 1.2242741749242523, 'cost': 1.2242741749242523, 'time': 0.24804259351539967, 'money': 27.067496306666666, 'materials': 0.18234940000000002, 'yield': 1, '# man steps': 0}, {'reaction': 'Suzuki', 'StepScore': 0.371823112816834, 'cost': 0.371823112816834, 'time': 0.24804259351539967, 'money': 21.843576766666665, 'materials': 0.06862563333333338, 'yield': 1, '# man steps': 0}, {'reaction': 'SNAr', 'StepScore': 401.25555202464125, 'cost': 401.25555202464125, 'time': 20.099532983070638, 'money': 344.5155888, 'materials': 0.05794636666666667, 'yield': 1, '# man steps': 1}, {'reaction': 'Buchwald_deprotection', 'StepScore': 228.04950413115643, 'cost': 228.04950413115643, 'time': 20.099532983070638, 'money': 344.393869, 'materials': 0.032944866666666656, 'yield': 1, '# man steps': 1}, {'reaction': 'Buchwald', 'StepScore': 230.3842017041891, 'cost': 230.3842017041891, 'time': 18.553415061295972, 'money': 321.03299246666666, 'materials': 0.03867935, 'yield': 1, '# man steps': 1}]","{'RouteScore': 51677121.30886367, 'Cost factor': 51677121.30886367, 'sum Stepscores': 861.2853551477278, 'n_Target': 1.6666666666666667e-05}",0.0183891,51677121.30886367,7.713298313143058,3.0,True,S-B,Automated,After
9,369.0,CC(C)(C)OC(=O)n1ccc2cc(B3OC(C)(C)C(C)(C)O3)ccc21,CC(C)(C)OC(=O)n1ccc2cc(-c3cccc(F)c3[B-]34OC(=O)C[N+]3(C)CC(=O)O4)ccc21,C[N+]12CC(=O)O[B-]1(c1c(F)cccc1Br)OC(=O)C2,Fc1cc(Br)c(F)cc1Br,Fc1cc(-c2c(-c3ccc4c(ccn4-c4cnccn4)c3)cccc2-n2c3ccccc3c3ccccc32)c(F)cc1-c1c(-c2ccc3c(ccn3-c3cnccn3)c2)cccc1-n1c2ccccc2c2ccccc21,CC(C)(C)OC(=O)n1ccc2cc(-c3cccc(F)c3-c3cc(F)c(-c4c(F)cccc4-c4ccc5c(ccn5C(=O)OC(C)(C)C)c4)cc3F)ccc21,c1ccc2c(c1)[nH]c1ccccc12,CC(C)(C)OC(=O)n1ccc2cc(-c3cccc(-n4c5ccccc5c5ccccc54)c3-c3cc(F)c(-c4c(-c5ccc6c(ccn6C(=O)OC(C)(C)C)c5)cccc4-n4c5ccccc5c5ccccc54)cc3F)ccc21,Fc1cc(-c2c(-c3ccc4[nH]ccc4c3)cccc2-n2c3ccccc3c3ccccc32)c(F)cc1-c1c(-c2ccc3[nH]ccc3c2)cccc1-n1c2ccccc2c2ccccc21,Brc1nccnc1,"[{'reaction': 'Suzuki', 'StepScore': 1.2242741749242523, 'cost': 1.2242741749242523, 'time': 0.24804259351539967, 'money': 27.067496306666666, 'materials': 0.18234940000000002, 'yield': 1, '# man steps': 0}, {'reaction': 'Suzuki', 'StepScore': 0.21563096935674247, 'cost': 0.21563096935674247, 'time': 0.24804259351539967, 'money': 13.048796699999999, 'materials': 0.06662150000000003, 'yield': 1, '# man steps': 0}, {'reaction': 'SNAr', 'StepScore': 387.3777254540196, 'cost': 387.3777254540196, 'time': 20.099532983070638, 'money': 344.5155888, 'materials': 0.05594223333333334, 'yield': 1, '# man steps': 1}, {'reaction': 'Buchwald_deprotection', 'StepScore': 214.17658069505046, 'cost': 214.17658069505046, 'time': 20.099532983070638, 'money': 344.393869, 'materials': 0.030940733333333335, 'yield': 1, '# man steps': 1}, {'reaction': 'Buchwald', 'StepScore': 218.44706578776976, 'cost': 218.44706578776976, 'time': 18.553415061295972, 'money': 321.03299246666666, 'materials': 0.03667521666666667, 'yield': 1, '# man steps': 1}]","{'RouteScore': 49286476.62486725, 'Cost factor': 49286476.62486725, 'sum Stepscores': 821.4412770811209, 'n_Target': 1.6666666666666667e-05}",0.016384966666666664,49286476.62486725,7.6927277725659415,3.0,True,S-B,Automated,After
11,371.0,CC(C)(C)OC(=O)n1ccc2cc(B3OC(C)(C)C(C)(C)O3)ccc21,CC(C)(C)OC(=O)n1ccc2cc(-c3cccc(F)c3[B-]34OC(=O)C[N+]3(C)CC(=O)O4)ccc21,C[N+]12CC(=O)O[B-]1(c1c(F)cccc1Br)OC(=O)C2,Brc1ccc(Br)o1,c1cc(-c2ccc3c(ccn3-c3cnccn3)c2)c(-c2ccc(-c3c(-c4ccc5c(ccn5-c5cnccn5)c4)cccc3-n3c4ccccc4c4ccccc43)o2)c(-n2c3ccccc3c3ccccc32)c1,CC(C)(C)OC(=O)n1ccc2cc(-c3cccc(F)c3-c3ccc(-c4c(F)cccc4-c4ccc5c(ccn5C(=O)OC(C)(C)C)c4)o3)ccc21,c1ccc2c(c1)[nH]c1ccccc12,CC(C)(C)OC(=O)n1ccc2cc(-c3cccc(-n4c5ccccc5c5ccccc54)c3-c3ccc(-c4c(-c5ccc6c(ccn6C(=O)OC(C)(C)C)c5)cccc4-n4c5ccccc5c5ccccc54)o3)ccc21,c1cc(-c2ccc3[nH]ccc3c2)c(-c2ccc(-c3c(-c4ccc5[nH]ccc5c4)cccc3-n3c4ccccc4c4ccccc43)o2)c(-n2c3ccccc3c3ccccc32)c1,Brc1nccnc1,"[{'reaction': 'Suzuki', 'StepScore': 1.2242741749242523, 'cost': 1.2242741749242523, 'time': 0.24804259351539967, 'money': 27.067496306666666, 'materials': 0.18234940000000002, 'yield': 1, '# man steps': 0}, {'reaction': 'Suzuki', 'StepScore': 0.22891210258699338, 'cost': 0.22891210258699338, 'time': 0.24804259351539967, 'money': 14.013832559999999, 'materials': 0.06585451666666671, 'yield': 1, '# man steps': 0}, {'reaction': 'SNAr', 'StepScore': 382.066670792375, 'cost': 382.066670792375, 'time': 20.099532983070638, 'money': 344.5155888, 'materials': 0.05517525000000001, 'yield': 1, '# man steps': 1}, {'reaction': 'Buchwald_deprotection', 'StepScore': 208.86740246667108, 'cost': 208.86740246667108, 'time': 20.099532983070638, 'money': 344.393869, 'materials': 0.03017375, 'yield': 1, '# man steps': 1}, {'reaction': 'Buchwald', 'StepScore': 213.8787148984601, 'cost': 213.8787148984601, 'time': 18.553415061295972, 'money': 321.03299246666666, 'materials': 0.03590823333333333, 'yield': 1, '# man steps': 1}]","{'RouteScore': 48375958.46610105, 'Cost factor': 48375958.46610105, 'sum Stepscores': 806.2659744350175, 'n_Target': 1.6666666666666667e-05}",0.015617983333333333,48375958.46610105,7.684629582728056,3.0,True,S-B,Automated,After
12,372.0,CC(C)(C)OC(=O)n1ccc2cc(B3OC(C)(C)C(C)(C)O3)ccc21,CC(C)(C)OC(=O)n1ccc2cc(-c3cccc(F)c3[B-]34OC(=O)C[N+]3(C)CC(=O)O4)ccc21,C[N+]12CC(=O)O[B-]1(c1c(F)cccc1Br)OC(=O)C2,Brc1ccc2c(c1)C1(c3ccccc3-c3ccccc31)c1cc(Br)ccc1-2,c1ccc2c(c1)-c1ccccc1C21c2cc(-c3c(-c4ccc5c(ccn5-c5cnccn5)c4)cccc3-n3c4ccccc4c4ccccc43)ccc2-c2ccc(-c3c(-c4ccc5c(ccn5-c5cnccn5)c4)cccc3-n3c4ccccc4c4ccccc43)cc21,CC(C)(C)OC(=O)n1ccc2cc(-c3cccc(F)c3-c3ccc4c(c3)C3(c5ccccc5-c5ccccc53)c3cc(-c5c(F)cccc5-c5ccc6c(ccn6C(=O)OC(C)(C)C)c5)ccc3-4)ccc21,c1ccc2c(c1)[nH]c1ccccc12,CC(C)(C)OC(=O)n1ccc2cc(-c3cccc(-n4c5ccccc5c5ccccc54)c3-c3ccc4c(c3)C3(c5ccccc5-c5ccccc53)c3cc(-c5c(-c6ccc7c(ccn7C(=O)OC(C)(C)C)c6)cccc5-n5c6ccccc6c6ccccc65)ccc3-4)ccc21,c1ccc2c(c1)-c1ccccc1C21c2cc(-c3c(-c4ccc5[nH]ccc5c4)cccc3-n3c4ccccc4c4ccccc43)ccc2-c2ccc(-c3c(-c4ccc5[nH]ccc5c4)cccc3-n3c4ccccc4c4ccccc43)cc21,Brc1nccnc1,"[{'reaction': 'Suzuki', 'StepScore': 1.2242741749242523, 'cost': 1.2242741749242523, 'time': 0.24804259351539967, 'money': 27.067496306666666, 'materials': 0.18234940000000002, 'yield': 1, '# man steps': 0}, {'reaction': 'Suzuki', 'StepScore': 0.24247726298478434, 'cost': 0.24247726298478434, 'time': 0.24804259351539967, 'money': 13.96651925, 'materials': 0.06999331666666671, 'yield': 1, '# man steps': 0}, {'reaction': 'SNAr', 'StepScore': 410.7262153721545, 'cost': 410.7262153721545, 'time': 20.099532983070638, 'money': 344.5155888, 'materials': 0.05931405, 'yield': 1, '# man steps': 1}, {'reaction': 'Buchwald_deprotection', 'StepScore': 237.51682142616593, 'cost': 237.51682142616593, 'time': 20.099532983070638, 'money': 344.393869, 'materials': 0.03431255, 'yield': 1, '# man steps': 1}, {'reaction': 'Buchwald', 'StepScore': 238.5304769889114, 'cost': 238.5304769889114, 'time': 18.553415061295972, 'money': 321.03299246666666, 'materials': 0.04004703333333333, 'yield': 1, '# man steps': 1}]","{'RouteScore': 53294415.913508445, 'Cost factor': 53294415.913508445, 'sum Stepscores': 888.2402652251408, 'n_Target': 1.6666666666666667e-05}",0.01975678333333333,53294415.913508445,7.72668170686905,3.0,True,S-B,Automated,After
13,373.0,CC(C)(C)OC(=O)n1ccc2cc(B3OC(C)(C)C(C)(C)O3)ccc21,CC(C)(C)OC(=O)n1ccc2cc(-c3cccc(F)c3[B-]34OC(=O)C[N+]3(C)CC(=O)O4)ccc21,C[N+]12CC(=O)O[B-]1(c1c(F)cccc1Br)OC(=O)C2,Clc1cc(Cl)c(Br)cc1Br,Clc1cc(Cl)c(-c2c(-c3ccc4c(ccn4-c4cnccn4)c3)cccc2-n2c3ccccc3c3ccccc32)cc1-c1c(-c2ccc3c(ccn3-c3cnccn3)c2)cccc1-n1c2ccccc2c2ccccc21,CC(C)(C)OC(=O)n1ccc2cc(-c3cccc(F)c3-c3cc(-c4c(F)cccc4-c4ccc5c(ccn5C(=O)OC(C)(C)C)c4)c(Cl)cc3Cl)ccc21,c1ccc2c(c1)[nH]c1ccccc12,CC(C)(C)OC(=O)n1ccc2cc(-c3cccc(-n4c5ccccc5c5ccccc54)c3-c3cc(-c4c(-c5ccc6c(ccn6C(=O)OC(C)(C)C)c5)cccc4-n4c5ccccc5c5ccccc54)c(Cl)cc3Cl)ccc21,Clc1cc(Cl)c(-c2c(-c3ccc4[nH]ccc4c3)cccc2-n2c3ccccc3c3ccccc32)cc1-c1c(-c2ccc3[nH]ccc3c2)cccc1-n1c2ccccc2c2ccccc21,Brc1nccnc1,"[{'reaction': 'Suzuki', 'StepScore': 1.2242741749242523, 'cost': 1.2242741749242523, 'time': 0.24804259351539967, 'money': 27.067496306666666, 'materials': 0.18234940000000002, 'yield': 1, '# man steps': 0}, {'reaction': 'Suzuki', 'StepScore': 0.3909341892585583, 'cost': 0.3909341892585583, 'time': 0.24804259351539967, 'money': 23.463999541666666, 'materials': 0.06717000000000004, 'yield': 1, '# man steps': 0}, {'reaction': 'SNAr', 'StepScore': 391.1758698925064, 'cost': 391.1758698925064, 'time': 20.099532983070638, 'money': 344.5155888, 'materials': 0.05649073333333334, 'yield': 1, '# man steps': 1}, {'reaction': 'Buchwald_deprotection', 'StepScore': 217.9733832221798, 'cost': 217.9733832221798, 'time': 20.099532983070638, 'money': 344.393869, 'materials': 0.03148923333333333, 'yield': 1, '# man steps': 1}, {'reaction': 'Buchwald', 'StepScore': 221.7140734969155, 'cost': 221.7140734969155, 'time': 18.553415061295972, 'money': 321.03299246666666, 'materials': 0.03722371666666666, 'yield': 1, '# man steps': 1}]","{'RouteScore': 49948712.098547064, 'Cost factor': 49948712.098547064, 'sum Stepscores': 832.4785349757844, 'n_Target': 1.6666666666666667e-05}",0.016933466666666664,49948712.098547064,7.698524294649985,3.0,True,S-B,Automated,After
14,374.0,CC(C)(C)OC(=O)n1ccc2cc(B3OC(C)(C)C(C)(C)O3)ccc21,CC(C)(C)OC(=O)n1ccc2cc(-c3cccc(F)c3[B-]34OC(=O)C[N+]3(C)CC(=O)O4)ccc21,C[N+]12CC(=O)O[B-]1(c1c(F)cccc1Br)OC(=O)C2,Brc1cnc2nc(Br)ccc2c1,c1cc(-c2ccc3c(ccn3-c3cnccn3)c2)c(-c2cnc3nc(-c4c(-c5ccc6c(ccn6-c6cnccn6)c5)cccc4-n4c5ccccc5c5ccccc54)ccc3c2)c(-n2c3ccccc3c3ccccc32)c1,CC(C)(C)OC(=O)n1ccc2cc(-c3cccc(F)c3-c3cnc4nc(-c5c(F)cccc5-c5ccc6c(ccn6C(=O)OC(C)(C)C)c5)ccc4c3)ccc21,c1ccc2c(c1)[nH]c1ccccc12,CC(C)(C)OC(=O)n1ccc2cc(-c3cccc(-n4c5ccccc5c5ccccc54)c3-c3cnc4nc(-c5c(-c6ccc7c(ccn7C(=O)OC(C)(C)C)c6)cccc5-n5c6ccccc6c6ccccc65)ccc4c3)ccc21,c1cc(-c2ccc3[nH]ccc3c2)c(-c2cnc3nc(-c4c(-c5ccc6[nH]ccc6c5)cccc4-n4c5ccccc5c5ccccc54)ccc3c2)c(-n2c3ccccc3c3ccccc32)c1,Brc1nccnc1,"[{'reaction': 'Suzuki', 'StepScore': 1.2242741749242523, 'cost': 1.2242741749242523, 'time': 0.24804259351539967, 'money': 27.067496306666666, 'materials': 0.18234940000000002, 'yield': 1, '# man steps': 0}, {'reaction': 'Suzuki', 'StepScore': 0.2820987394791797, 'cost': 0.2820987394791797, 'time': 0.24804259351539967, 'money': 17.002764101666667, 'materials': 0.06688910000000003, 'yield': 1, '# man steps': 0}, {'reaction': 'SNAr', 'StepScore': 389.2307490670352, 'cost': 389.2307490670352, 'time': 20.099532983070638, 'money': 344.5155888, 'materials': 0.05620983333333334, 'yield': 1, '# man steps': 1}, {'reaction': 'Buchwald_deprotection', 'StepScore': 216.0289496216864, 'cost': 216.0289496216864, 'time': 20.099532983070638, 'money': 344.393869, 'materials': 0.03120833333333333, 'yield': 1, '# man steps': 1}, {'reaction': 'Buchwald', 'StepScore': 220.04096052426456, 'cost': 220.04096052426456, 'time': 18.553415061295972, 'money': 321.03299246666666, 'materials': 0.03694281666666667, 'yield': 1, '# man steps': 1}]","{'RouteScore': 49608421.92764338, 'Cost factor': 49608421.92764338, 'sum Stepscores': 826.8070321273897, 'n_Target': 1.6666666666666667e-05}",0.016652566666666667,49608421.92764338,7.695555412099337,3.0,True,S-B,Automated,After
15,375.0,CC(C)(C)OC(=O)n1ccc2cc(B3OC(C)(C)C(C)(C)O3)ccc21,CC(C)(C)OC(=O)n1ccc2cc(-c3cccc(F)c3[B-]34OC(=O)C[N+]3(C)CC(=O)O4)ccc21,C[N+]12CC(=O)O[B-]1(c1c(F)cccc1Br)OC(=O)C2,Brc1cccc2cccc(Br)c12,c1cc(-c2ccc3c(ccn3-c3cnccn3)c2)c(-c2cccc3cccc(-c4c(-c5ccc6c(ccn6-c6cnccn6)c5)cccc4-n4c5ccccc5c5ccccc54)c23)c(-n2c3ccccc3c3ccccc32)c1,CC(C)(C)OC(=O)n1ccc2cc(-c3cccc(F)c3-c3cccc4cccc(-c5c(F)cccc5-c5ccc6c(ccn6C(=O)OC(C)(C)C)c5)c34)ccc21,c1ccc2c(c1)[nH]c1ccccc12,CC(C)(C)OC(=O)n1ccc2cc(-c3cccc(-n4c5ccccc5c5ccccc54)c3-c3cccc4cccc(-c5c(-c6ccc7c(ccn7C(=O)OC(C)(C)C)c6)cccc5-n5c6ccccc6c6ccccc65)c34)ccc21,c1cc(-c2ccc3[nH]ccc3c2)c(-c2cccc3cccc(-c4c(-c5ccc6[nH]ccc6c5)cccc4-n4c5ccccc5c5ccccc54)c23)c(-n2c3ccccc3c3ccccc32)c1,Brc1nccnc1,"[{'reaction': 'Suzuki', 'StepScore': 1.2242741749242523, 'cost': 1.2242741749242523, 'time': 0.24804259351539967, 'money': 27.067496306666666, 'materials': 0.18234940000000002, 'yield': 1, '# man steps': 0}, {'reaction': 'Suzuki', 'StepScore': 0.22410379991815643, 'cost': 0.22410379991815643, 'time': 0.24804259351539967, 'money': 13.513924399999999, 'materials': 0.0668561666666667, 'yield': 1, '# man steps': 0}, {'reaction': 'SNAr', 'StepScore': 389.002698826669, 'cost': 389.002698826669, 'time': 20.099532983070638, 'money': 344.5155888, 'materials': 0.0561769, 'yield': 1, '# man steps': 1}, {'reaction': 'Buchwald_deprotection', 'StepScore': 215.80097995308694, 'cost': 215.80097995308694, 'time': 20.099532983070638, 'money': 344.393869, 'materials': 0.031175399999999995, 'yield': 1, '# man steps': 1}, {'reaction': 'Buchwald', 'StepScore': 219.8448010823541, 'cost': 219.8448010823541, 'time': 18.553415061295972, 'money': 321.03299246666666, 'materials': 0.03690988333333333, 'yield': 1, '# man steps': 1}]","{'RouteScore': 49565811.470217146, 'Cost factor': 49565811.470217146, 'sum Stepscores': 826.0968578369525, 'n_Target': 1.6666666666666667e-05}",0.01661963333333333,49565811.470217146,7.695182220655627,3.0,True,S-B,Automated,After
16,376.0,CC(C)(C)OC(=O)n1ccc2cc(B3OC(C)(C)C(C)(C)O3)ccc21,CC(C)(C)OC(=O)n1ccc2cc(-c3cccc(F)c3[B-]34OC(=O)C[N+]3(C)CC(=O)O4)ccc21,C[N+]12CC(=O)O[B-]1(c1c(F)cccc1Br)OC(=O)C2,CCCCC(CC)CC1(CC(CC)CCCC)c2cc(I)ccc2-c2ccc(I)cc21,CCCCC(CC)CC1(CC(CC)CCCC)c2cc(-c3c(-c4ccc5c(ccn5-c5cnccn5)c4)cccc3-n3c4ccccc4c4ccccc43)ccc2-c2ccc(-c3c(-c4ccc5c(ccn5-c5cnccn5)c4)cccc3-n3c4ccccc4c4ccccc43)cc21,CCCCC(CC)CC1(CC(CC)CCCC)c2cc(-c3c(F)cccc3-c3ccc4c(ccn4C(=O)OC(C)(C)C)c3)ccc2-c2ccc(-c3c(F)cccc3-c3ccc4c(ccn4C(=O)OC(C)(C)C)c3)cc21,c1ccc2c(c1)[nH]c1ccccc12,CCCCC(CC)CC1(CC(CC)CCCC)c2cc(-c3c(-c4ccc5c(ccn5C(=O)OC(C)(C)C)c4)cccc3-n3c4ccccc4c4ccccc43)ccc2-c2ccc(-c3c(-c4ccc5c(ccn5C(=O)OC(C)(C)C)c4)cccc3-n3c4ccccc4c4ccccc43)cc21,CCCCC(CC)CC1(CC(CC)CCCC)c2cc(-c3c(-c4ccc5[nH]ccc5c4)cccc3-n3c4ccccc4c4ccccc43)ccc2-c2ccc(-c3c(-c4ccc5[nH]ccc5c4)cccc3-n3c4ccccc4c4ccccc43)cc21,Brc1nccnc1,"[{'reaction': 'Suzuki', 'StepScore': 1.2242741749242523, 'cost': 1.2242741749242523, 'time': 0.24804259351539967, 'money': 27.067496306666666, 'materials': 0.18234940000000002, 'yield': 1, '# man steps': 0}, {'reaction': 'Suzuki', 'StepScore': 0.23758330105911912, 'cost': 0.23758330105911912, 'time': 0.24804259351539967, 'money': 13.157491074666666, 'materials': 0.07279751666666671, 'yield': 1, '# man steps': 0}, {'reaction': 'SNAr', 'StepScore': 419.295641712067, 'cost': 419.295641712067, 'time': 20.099532983070638, 'money': 344.5155888, 'materials': 0.06055158333333333, 'yield': 1, '# man steps': 1}, {'reaction': 'Buchwald_deprotection', 'StepScore': 246.0832201269987, 'cost': 246.0832201269987, 'time': 20.099532983070638, 'money': 344.393869, 'materials': 0.03555008333333332, 'yield': 1, '# man steps': 1}, {'reaction': 'Buchwald', 'StepScore': 245.90154524839156, 'cost': 245.90154524839156, 'time': 18.553415061295972, 'money': 321.03299246666666, 'materials': 0.04128456666666666, 'yield': 1, '# man steps': 1}]","{'RouteScore': 54764535.87380643, 'Cost factor': 54764535.87380643, 'sum Stepscores': 912.7422645634406, 'n_Target': 1.6666666666666667e-05}",0.020994316666666662,54764535.87380643,7.738499411401028,3.0,True,S-B,Automated,After
17,377.0,CC(C)(C)OC(=O)n1ccc2cc(B3OC(C)(C)C(C)(C)O3)ccc21,CC(C)(C)OC(=O)n1ccc2cc(-c3cccc(F)c3[B-]34OC(=O)C[N+]3(C)CC(=O)O4)ccc21,C[N+]12CC(=O)O[B-]1(c1c(F)cccc1Br)OC(=O)C2,Fc1c(F)c(Br)c2nsnc2c1Br,Fc1c(F)c(-c2c(-c3ccc4c(ccn4-c4cnccn4)c3)cccc2-n2c3ccccc3c3ccccc32)c2nsnc2c1-c1c(-c2ccc3c(ccn3-c3cnccn3)c2)cccc1-n1c2ccccc2c2ccccc21,CC(C)(C)OC(=O)n1ccc2cc(-c3cccc(F)c3-c3c(F)c(F)c(-c4c(F)cccc4-c4ccc5c(ccn5C(=O)OC(C)(C)C)c4)c4nsnc34)ccc21,c1ccc2c(c1)[nH]c1ccccc12,CC(C)(C)OC(=O)n1ccc2cc(-c3cccc(-n4c5ccccc5c5ccccc54)c3-c3c(F)c(F)c(-c4c(-c5ccc6c(ccn6C(=O)OC(C)(C)C)c5)cccc4-n4c5ccccc5c5ccccc54)c4nsnc34)ccc21,Fc1c(F)c(-c2c(-c3ccc4[nH]ccc4c3)cccc2-n2c3ccccc3c3ccccc32)c2nsnc2c1-c1c(-c2ccc3[nH]ccc3c2)cccc1-n1c2ccccc2c2ccccc21,Brc1nccnc1,"[{'reaction': 'Suzuki', 'StepScore': 1.2242741749242523, 'cost': 1.2242741749242523, 'time': 0.24804259351539967, 'money': 27.067496306666666, 'materials': 0.18234940000000002, 'yield': 1, '# man steps': 0}, {'reaction': 'Suzuki', 'StepScore': 0.22888721742962775, 'cost': 0.22888721742962775, 'time': 0.24804259351539967, 'money': 13.652671745, 'materials': 0.06758925000000005, 'yield': 1, '# man steps': 0}, {'reaction': 'SNAr', 'StepScore': 394.07900946558857, 'cost': 394.07900946558857, 'time': 20.099532983070638, 'money': 344.5155888, 'materials': 0.05690998333333334, 'yield': 1, '# man steps': 1}, {'reaction': 'Buchwald_deprotection', 'StepScore': 220.8754970954687, 'cost': 220.8754970954687, 'time': 20.099532983070638, 'money': 344.393869, 'materials': 0.03190848333333333, 'yield': 1, '# man steps': 1}, {'reaction': 'Buchwald', 'StepScore': 224.21123481334092, 'cost': 224.21123481334092, 'time': 18.553415061295972, 'money': 321.03299246666666, 'materials': 0.03764296666666666, 'yield': 1, '# man steps': 1}]","{'RouteScore': 50437134.16600513, 'Cost factor': 50437134.16600513, 'sum Stepscores': 840.6189027667522, 'n_Target': 1.6666666666666667e-05}",0.01735271666666666,50437134.16600513,7.702750402023787,3.0,True,S-B,Automated,After
19,379.0,CC(C)(C)OC(=O)n1ccc2cc(B3OC(C)(C)C(C)(C)O3)ccc21,CC(C)(C)OC(=O)n1ccc2cc(-c3cccc(F)c3[B-]34OC(=O)C[N+]3(C)CC(=O)O4)ccc21,C[N+]12CC(=O)O[B-]1(c1c(F)cccc1Br)OC(=O)C2,Brc1ccc2nc3ccc(Br)cc3nc2c1,c1cc(-c2ccc3c(ccn3-c3cnccn3)c2)c(-c2ccc3nc4ccc(-c5c(-c6ccc7c(ccn7-c7cnccn7)c6)cccc5-n5c6ccccc6c6ccccc65)cc4nc3c2)c(-n2c3ccccc3c3ccccc32)c1,CC(C)(C)OC(=O)n1ccc2cc(-c3cccc(F)c3-c3ccc4nc5ccc(-c6c(F)cccc6-c6ccc7c(ccn7C(=O)OC(C)(C)C)c6)cc5nc4c3)ccc21,c1ccc2c(c1)[nH]c1ccccc12,CC(C)(C)OC(=O)n1ccc2cc(-c3cccc(-n4c5ccccc5c5ccccc54)c3-c3ccc4nc5ccc(-c6c(-c7ccc8c(ccn8C(=O)OC(C)(C)C)c7)cccc6-n6c7ccccc7c7ccccc76)cc5nc4c3)ccc21,c1cc(-c2ccc3[nH]ccc3c2)c(-c2ccc3nc4ccc(-c5c(-c6ccc7[nH]ccc7c6)cccc5-n5c6ccccc6c6ccccc65)cc4nc3c2)c(-n2c3ccccc3c3ccccc32)c1,Brc1nccnc1,"[{'reaction': 'Suzuki', 'StepScore': 1.2242741749242523, 'cost': 1.2242741749242523, 'time': 0.24804259351539967, 'money': 27.067496306666666, 'materials': 0.18234940000000002, 'yield': 1, '# man steps': 0}, {'reaction': 'Suzuki', 'StepScore': 0.3347038454754008, 'cost': 0.3347038454754008, 'time': 0.24804259351539967, 'money': 19.924868841666665, 'materials': 0.06772343333333336, 'yield': 1, '# man steps': 0}, {'reaction': 'SNAr', 'StepScore': 395.0081757030318, 'cost': 395.0081757030318, 'time': 20.099532983070638, 'money': 344.5155888, 'materials': 0.057044166666666674, 'yield': 1, '# man steps': 1}, {'reaction': 'Buchwald_deprotection', 'StepScore': 221.8043350518928, 'cost': 221.8043350518928, 'time': 20.099532983070638, 'money': 344.393869, 'materials': 0.03204266666666666, 'yield': 1, '# man steps': 1}, {'reaction': 'Buchwald', 'StepScore': 225.01046541395883, 'cost': 225.01046541395883, 'time': 18.553415061295972, 'money': 321.03299246666666, 'materials': 0.03777715, 'yield': 1, '# man steps': 1}]","{'RouteScore': 50602917.25135698, 'Cost factor': 50602917.25135698, 'sum Stepscores': 843.3819541892831, 'n_Target': 1.6666666666666667e-05}",0.017486899999999996,50602917.25135698,7.704175554579845,3.0,True,S-B,Automated,After
20,382.0,CC(C)(C)OC(=O)n1ccc2cc(B3OC(C)(C)C(C)(C)O3)ccc21,CC(C)(C)OC(=O)n1ccc2cc(-c3ccc([B-]45OC(=O)C[N+]4(C)CC(=O)O5)cc3)ccc21,C[N+]12CC(=O)O[B-]1(c1ccc(Br)cc1)OC(=O)C2,Fc1cc(Br)c(F)cc1Br,c1ccc2c(c1)c1ccccc1n2-c1cc(-c2ccc(-c3ccc4c(ccn4-c4cnccn4)c3)cc2)c(-n2c3ccccc3c3ccccc32)cc1-c1ccc(-c2ccc3c(ccn3-c3cnccn3)c2)cc1,CC(C)(C)OC(=O)n1ccc2cc(-c3ccc(-c4cc(F)c(-c5ccc(-c6ccc7c(ccn7C(=O)OC(C)(C)C)c6)cc5)cc4F)cc3)ccc21,c1ccc2c(c1)[nH]c1ccccc12,CC(C)(C)OC(=O)n1ccc2cc(-c3ccc(-c4cc(-n5c6ccccc6c6ccccc65)c(-c5ccc(-c6ccc7c(ccn7C(=O)OC(C)(C)C)c6)cc5)cc4-n4c5ccccc5c5ccccc54)cc3)ccc21,c1ccc2c(c1)c1ccccc1n2-c1cc(-c2ccc(-c3ccc4[nH]ccc4c3)cc2)c(-n2c3ccccc3c3ccccc32)cc1-c1ccc(-c2ccc3[nH]ccc3c2)cc1,Brc1nccnc1,"[{'reaction': 'Suzuki', 'StepScore': 1.2378281006567338, 'cost': 1.2378281006567338, 'time': 0.24804259351539967, 'money': 27.639846006666666, 'materials': 0.18055040000000006, 'yield': 1, '# man steps': 0}, {'reaction': 'Suzuki', 'StepScore': 0.20980822273781644, 'cost': 0.20980822273781644, 'time': 0.24804259351539967, 'money': 13.048796699999999, 'materials': 0.06482250000000002, 'yield': 1, '# man steps': 0}, {'reaction': 'SNAr', 'StepScore': 383.2252721906724, 'cost': 383.2252721906724, 'time': 20.099532983070638, 'money': 344.5155888, 'materials': 0.05534256666666667, 'yield': 1, '# man steps': 1}, {'reaction': 'Buchwald_deprotection', 'StepScore': 210.02559452288048, 'cost': 210.02559452288048, 'time': 20.099532983070638, 'money': 344.393869, 'materials': 0.030341066666666666, 'yield': 1, '# man steps': 1}, {'reaction': 'Buchwald', 'StepScore': 214.87529619265987, 'cost': 214.87529619265987, 'time': 18.553415061295972, 'money': 321.03299246666666, 'materials': 0.03607555, 'yield': 1, '# man steps': 1}]","{'RouteScore': 48574427.953776434, 'Cost factor': 48574427.953776434, 'sum Stepscores': 809.5737992296073, 'n_Target': 1.6666666666666667e-05}",0.0157853,48574427.953776434,7.686407694748276,3.0,True,S-B,Automated,After
22,419.0,CC(C)(C)OC(=O)n1ccc2cc(B3OC(C)(C)C(C)(C)O3)ccc21,CC(C)(C)OC(=O)n1ccc2cc(-c3cccc([B-]45OC(=O)C[N+]4(C)CC(=O)O5)c3F)ccc21,C[N+]12CC(=O)O[B-]1(c1cccc(Br)c1F)OC(=O)C2,Brc1ccc(Br)nc1,c1cc(-c2ccc(-c3cccc(-c4ccc5c(ccn5-c5cnccn5)c4)c3-n3c4ccccc4c4ccccc43)nc2)c(-n2c3ccccc3c3ccccc32)c(-c2ccc3c(ccn3-c3cnccn3)c2)c1,CC(C)(C)OC(=O)n1ccc2cc(-c3cccc(-c4ccc(-c5cccc(-c6ccc7c(ccn7C(=O)OC(C)(C)C)c6)c5F)nc4)c3F)ccc21,c1ccc2c(c1)[nH]c1ccccc12,CC(C)(C)OC(=O)n1ccc2cc(-c3cccc(-c4ccc(-c5cccc(-c6ccc7c(ccn7C(=O)OC(C)(C)C)c6)c5-n5c6ccccc6c6ccccc65)nc4)c3-n3c4ccccc4c4ccccc43)ccc21,c1cc(-c2ccc(-c3cccc(-c4ccc5[nH]ccc5c4)c3-n3c4ccccc4c4ccccc43)nc2)c(-n2c3ccccc3c3ccccc32)c(-c2ccc3[nH]ccc3c2)c1,Brc1nccnc1,"[{'reaction': 'Suzuki', 'StepScore': 1.223080388597903, 'cost': 1.223080388597903, 'time': 0.24804259351539967, 'money': 27.041102866666666, 'materials': 0.18234940000000002, 'yield': 1, '# man steps': 0}, {'reaction': 'Suzuki', 'StepScore': 0.2135640415145918, 'cost': 0.2135640415145918, 'time': 0.24804259351539967, 'money': 13.037850066666666, 'materials': 0.06603830000000004, 'yield': 1, '# man steps': 0}, {'reaction': 'SNAr', 'StepScore': 383.33929731085556, 'cost': 383.33929731085556, 'time': 20.099532983070638, 'money': 344.5155888, 'materials': 0.05535903333333334, 'yield': 1, '# man steps': 1}, {'reaction': 'Buchwald_deprotection', 'StepScore': 210.1395793571802, 'cost': 210.1395793571802, 'time': 20.099532983070638, 'money': 344.393869, 'materials': 0.030357533333333332, 'yield': 1, '# man steps': 1}, {'reaction': 'Buchwald', 'StepScore': 214.9733759136151, 'cost': 214.9733759136151, 'time': 18.553415061295972, 'money': 321.03299246666666, 'materials': 0.036092016666666664, 'yield': 1, '# man steps': 1}]","{'RouteScore': 48593333.8207058, 'Cost factor': 48593333.8207058, 'sum Stepscores': 809.8888970117633, 'n_Target': 1.6666666666666667e-05}",0.01580176666666666,48593333.8207058,7.686576695528713,3.0,True,S-B,Automated,After
23,420.0,CC(C)(C)OC(=O)n1ccc2cc(B3OC(C)(C)C(C)(C)O3)ccc21,CC(C)(C)OC(=O)n1ccc2cc(-c3cccc([B-]45OC(=O)C[N+]4(C)CC(=O)O5)c3F)ccc21,C[N+]12CC(=O)O[B-]1(c1cccc(Br)c1F)OC(=O)C2,Fc1cc(Br)c(F)cc1Br,c1cc(-c2ccc3c(ccn3-c3cnccn3)c2)c(-n2c3ccccc3c3ccccc32)c(-c2cc(-n3c4ccccc4c4ccccc43)c(-c3cccc(-c4ccc5c(ccn5-c5cnccn5)c4)c3-n3c4ccccc4c4ccccc43)cc2-n2c3ccccc3c3ccccc32)c1,CC(C)(C)OC(=O)n1ccc2cc(-c3cccc(-c4cc(F)c(-c5cccc(-c6ccc7c(ccn7C(=O)OC(C)(C)C)c6)c5F)cc4F)c3F)ccc21,c1ccc2c(c1)[nH]c1ccccc12,CC(C)(C)OC(=O)n1ccc2cc(-c3cccc(-c4cc(-n5c6ccccc6c6ccccc65)c(-c5cccc(-c6ccc7c(ccn7C(=O)OC(C)(C)C)c6)c5-n5c6ccccc6c6ccccc65)cc4-n4c5ccccc5c5ccccc54)c3-n3c4ccccc4c4ccccc43)ccc21,c1cc(-c2ccc3[nH]ccc3c2)c(-n2c3ccccc3c3ccccc32)c(-c2cc(-n3c4ccccc4c4ccccc43)c(-c3cccc(-c4ccc5[nH]ccc5c4)c3-n3c4ccccc4c4ccccc43)cc2-n2c3ccccc3c3ccccc32)c1,Brc1nccnc1,"[{'reaction': 'Suzuki', 'StepScore': 1.223080388597903, 'cost': 1.223080388597903, 'time': 0.24804259351539967, 'money': 27.041102866666666, 'materials': 0.18234940000000002, 'yield': 1, '# man steps': 0}, {'reaction': 'Suzuki', 'StepScore': 0.21563096935674247, 'cost': 0.21563096935674247, 'time': 0.24804259351539967, 'money': 13.048796699999999, 'materials': 0.06662150000000003, 'yield': 1, '# man steps': 0}, {'reaction': 'SNAr', 'StepScore': 690.6078572466733, 'cost': 690.6078572466733, 'time': 20.099532983070638, 'money': 344.7261776, 'materials': 0.09967156666666667, 'yield': 1, '# man steps': 1}, {'reaction': 'Buchwald_deprotection', 'StepScore': 248.14244614665023, 'cost': 248.14244614665023, 'time': 20.099532983070638, 'money': 344.393869, 'materials': 0.03584756666666666, 'yield': 1, '# man steps': 1}, {'reaction': 'Buchwald', 'StepScore': 247.67343283880612, 'cost': 247.67343283880612, 'time': 18.553415061295972, 'money': 321.03299246666666, 'materials': 0.041582049999999995, 'yield': 1, '# man steps': 1}]","{'RouteScore': 71271746.85540505, 'Cost factor': 71271746.85540505, 'sum Stepscores': 1187.8624475900842, 'n_Target': 1.6666666666666667e-05}",0.021291799999999996,71271746.85540505,7.852917403393079,3.0,True,S-B,Automated,After
24,421.0,CC(C)(C)OC(=O)n1ccc2cc(B3OC(C)(C)C(C)(C)O3)ccc21,CC(C)(C)OC(=O)n1ccc2cc(-c3cccc([B-]45OC(=O)C[N+]4(C)CC(=O)O5)c3F)ccc21,C[N+]12CC(=O)O[B-]1(c1cccc(Br)c1F)OC(=O)C2,Brc1cc(Br)c2ccccc2c1,c1cc(-c2cc(-c3cccc(-c4ccc5c(ccn5-c5cnccn5)c4)c3-n3c4ccccc4c4ccccc43)c3ccccc3c2)c(-n2c3ccccc3c3ccccc32)c(-c2ccc3c(ccn3-c3cnccn3)c2)c1,CC(C)(C)OC(=O)n1ccc2cc(-c3cccc(-c4cc(-c5cccc(-c6ccc7c(ccn7C(=O)OC(C)(C)C)c6)c5F)c5ccccc5c4)c3F)ccc21,c1ccc2c(c1)[nH]c1ccccc12,CC(C)(C)OC(=O)n1ccc2cc(-c3cccc(-c4cc(-c5cccc(-c6ccc7c(ccn7C(=O)OC(C)(C)C)c6)c5-n5c6ccccc6c6ccccc65)c5ccccc5c4)c3-n3c4ccccc4c4ccccc43)ccc21,c1cc(-c2ccc3[nH]ccc3c2)c(-n2c3ccccc3c3ccccc32)c(-c2cc(-c3cccc(-c4ccc5[nH]ccc5c4)c3-n3c4ccccc4c4ccccc43)c3ccccc3c2)c1,Brc1nccnc1,"[{'reaction': 'Suzuki', 'StepScore': 1.223080388597903, 'cost': 1.223080388597903, 'time': 0.24804259351539967, 'money': 27.041102866666666, 'materials': 0.18234940000000002, 'yield': 1, '# man steps': 0}, {'reaction': 'Suzuki', 'StepScore': 0.26279245046489685, 'cost': 0.26279245046489685, 'time': 0.24804259351539967, 'money': 15.84693035, 'materials': 0.0668561666666667, 'yield': 1, '# man steps': 0}, {'reaction': 'SNAr', 'StepScore': 389.0026988266691, 'cost': 389.0026988266691, 'time': 20.099532983070638, 'money': 344.5155888, 'materials': 0.05617690000000001, 'yield': 1, '# man steps': 1}, {'reaction': 'Buchwald_deprotection', 'StepScore': 215.80097995308697, 'cost': 215.80097995308697, 'time': 20.099532983070638, 'money': 344.393869, 'materials': 0.0311754, 'yield': 1, '# man steps': 1}, {'reaction': 'Buchwald', 'StepScore': 219.8448010823541, 'cost': 219.8448010823541, 'time': 18.553415061295972, 'money': 321.03299246666666, 'materials': 0.03690988333333333, 'yield': 1, '# man steps': 1}]","{'RouteScore': 49568061.16207037, 'Cost factor': 49568061.16207037, 'sum Stepscores': 826.1343527011729, 'n_Target': 1.6666666666666667e-05}",0.016619633333333328,49568061.16207037,7.695201931955752,3.0,True,S-B,Automated,After
25,422.0,CC(C)(C)OC(=O)n1ccc2cc(B3OC(C)(C)C(C)(C)O3)ccc21,CC(C)(C)OC(=O)n1ccc2cc(-c3cccc([B-]45OC(=O)C[N+]4(C)CC(=O)O5)c3F)ccc21,C[N+]12CC(=O)O[B-]1(c1cccc(Br)c1F)OC(=O)C2,Clc1cc(Br)sc1Br,Clc1cc(-c2cccc(-c3ccc4c(ccn4-c4cnccn4)c3)c2-n2c3ccccc3c3ccccc32)sc1-c1cccc(-c2ccc3c(ccn3-c3cnccn3)c2)c1-n1c2ccccc2c2ccccc21,CC(C)(C)OC(=O)n1ccc2cc(-c3cccc(-c4cc(Cl)c(-c5cccc(-c6ccc7c(ccn7C(=O)OC(C)(C)C)c6)c5F)s4)c3F)ccc21,c1ccc2c(c1)[nH]c1ccccc12,CC(C)(C)OC(=O)n1ccc2cc(-c3cccc(-c4cc(Cl)c(-c5cccc(-c6ccc7c(ccn7C(=O)OC(C)(C)C)c6)c5-n5c6ccccc6c6ccccc65)s4)c3-n3c4ccccc4c4ccccc43)ccc21,Clc1cc(-c2cccc(-c3ccc4[nH]ccc4c3)c2-n2c3ccccc3c3ccccc32)sc1-c1cccc(-c2ccc3[nH]ccc3c2)c1-n1c2ccccc2c2ccccc21,Brc1nccnc1,"[{'reaction': 'Suzuki', 'StepScore': 1.223080388597903, 'cost': 1.223080388597903, 'time': 0.24804259351539967, 'money': 27.041102866666666, 'materials': 0.18234940000000002, 'yield': 1, '# man steps': 0}, {'reaction': 'Suzuki', 'StepScore': 0.2756841176108171, 'cost': 0.2756841176108171, 'time': 0.24804259351539967, 'money': 16.664147076666666, 'materials': 0.06669640000000003, 'yield': 1, '# man steps': 0}, {'reaction': 'SNAr', 'StepScore': 387.8963781767956, 'cost': 387.8963781767956, 'time': 20.099532983070638, 'money': 344.5155888, 'materials': 0.05601713333333334, 'yield': 1, '# man steps': 1}, {'reaction': 'Buchwald_deprotection', 'StepScore': 214.69505017414252, 'cost': 214.69505017414252, 'time': 20.099532983070638, 'money': 344.393869, 'materials': 0.031015633333333337, 'yield': 1, '# man steps': 1}, {'reaction': 'Buchwald', 'StepScore': 218.89318953875423, 'cost': 218.89318953875423, 'time': 18.553415061295972, 'money': 321.03299246666666, 'materials': 0.03675011666666666, 'yield': 1, '# man steps': 1}]","{'RouteScore': 49379002.943754055, 'Cost factor': 49379002.943754055, 'sum Stepscores': 822.983382395901, 'n_Target': 1.6666666666666667e-05}",0.016459866666666663,49379002.943754055,7.6935423164505625,3.0,True,S-B,Automated,After
26,423.0,CC(C)(C)OC(=O)n1ccc2cc(B3OC(C)(C)C(C)(C)O3)ccc21,CC(C)(C)OC(=O)n1ccc2cc(-c3cccc([B-]45OC(=O)C[N+]4(C)CC(=O)O5)c3F)ccc21,C[N+]12CC(=O)O[B-]1(c1cccc(Br)c1F)OC(=O)C2,Cc1nc2c(Br)c3nsnc3c(Br)c2nc1C,Cc1nc2c(-c3cccc(-c4ccc5c(ccn5-c5cnccn5)c4)c3-n3c4ccccc4c4ccccc43)c3nsnc3c(-c3cccc(-c4ccc5c(ccn5-c5cnccn5)c4)c3-n3c4ccccc4c4ccccc43)c2nc1C,Cc1nc2c(-c3cccc(-c4ccc5c(ccn5C(=O)OC(C)(C)C)c4)c3F)c3nsnc3c(-c3cccc(-c4ccc5c(ccn5C(=O)OC(C)(C)C)c4)c3F)c2nc1C,c1ccc2c(c1)[nH]c1ccccc12,Cc1nc2c(-c3cccc(-c4ccc5c(ccn5C(=O)OC(C)(C)C)c4)c3-n3c4ccccc4c4ccccc43)c3nsnc3c(-c3cccc(-c4ccc5c(ccn5C(=O)OC(C)(C)C)c4)c3-n3c4ccccc4c4ccccc43)c2nc1C,Cc1nc2c(-c3cccc(-c4ccc5[nH]ccc5c4)c3-n3c4ccccc4c4ccccc43)c3nsnc3c(-c3cccc(-c4ccc5[nH]ccc5c4)c3-n3c4ccccc4c4ccccc43)c2nc1C,Brc1nccnc1,"[{'reaction': 'Suzuki', 'StepScore': 1.223080388597903, 'cost': 1.223080388597903, 'time': 0.24804259351539967, 'money': 27.041102866666666, 'materials': 0.18234940000000002, 'yield': 1, '# man steps': 0}, {'reaction': 'Suzuki', 'StepScore': 0.37704397981842946, 'cost': 0.37704397981842946, 'time': 0.24804259351539967, 'money': 22.247940518333333, 'materials': 0.0683244166666667, 'yield': 1, '# man steps': 0}, {'reaction': 'SNAr', 'StepScore': 399.1697463595919, 'cost': 399.1697463595919, 'time': 20.099532983070638, 'money': 344.5155888, 'materials': 0.05764515, 'yield': 1, '# man steps': 1}, {'reaction': 'Buchwald_deprotection', 'StepScore': 225.96443539603618, 'cost': 225.96443539603618, 'time': 20.099532983070638, 'money': 344.393869, 'materials': 0.032643649999999996, 'yield': 1, '# man steps': 1}, {'reaction': 'Buchwald', 'StepScore': 228.59007741590614, 'cost': 228.59007741590614, 'time': 18.553415061295972, 'money': 321.03299246666666, 'materials': 0.03837813333333333, 'yield': 1, '# man steps': 1}]","{'RouteScore': 51319463.01239703, 'Cost factor': 51319463.01239703, 'sum Stepscores': 855.3243835399505, 'n_Target': 1.6666666666666667e-05}",0.018087883333333325,51319463.01239703,7.710282103432179,3.0,True,S-B,Automated,After
27,424.0,CC(C)(C)OC(=O)n1ccc2cc(B3OC(C)(C)C(C)(C)O3)ccc21,CC(C)(C)OC(=O)n1ccc2cc(-c3cccc([B-]45OC(=O)C[N+]4(C)CC(=O)O5)c3F)ccc21,C[N+]12CC(=O)O[B-]1(c1cccc(Br)c1F)OC(=O)C2,Brc1ccccc1Oc1ccccc1Br,c1ccc(-c2cccc(-c3ccc4c(ccn4-c4cnccn4)c3)c2-n2c3ccccc3c3ccccc32)c(Oc2ccccc2-c2cccc(-c3ccc4c(ccn4-c4cnccn4)c3)c2-n2c3ccccc3c3ccccc32)c1,CC(C)(C)OC(=O)n1ccc2cc(-c3cccc(-c4ccccc4Oc4ccccc4-c4cccc(-c5ccc6c(ccn6C(=O)OC(C)(C)C)c5)c4F)c3F)ccc21,c1ccc2c(c1)[nH]c1ccccc12,CC(C)(C)OC(=O)n1ccc2cc(-c3cccc(-c4ccccc4Oc4ccccc4-c4cccc(-c5ccc6c(ccn6C(=O)OC(C)(C)C)c5)c4-n4c5ccccc5c5ccccc54)c3-n3c4ccccc4c4ccccc43)ccc21,c1ccc(-c2cccc(-c3ccc4[nH]ccc4c3)c2-n2c3ccccc3c3ccccc32)c(Oc2ccccc2-c2cccc(-c3ccc4[nH]ccc4c3)c2-n2c3ccccc3c3ccccc32)c1,Brc1nccnc1,"[{'reaction': 'Suzuki', 'StepScore': 1.223080388597903, 'cost': 1.223080388597903, 'time': 0.24804259351539967, 'money': 27.041102866666666, 'materials': 0.18234940000000002, 'yield': 1, '# man steps': 0}, {'reaction': 'Suzuki', 'StepScore': 0.22988176865096793, 'cost': 0.22988176865096793, 'time': 0.24804259351539967, 'money': 13.718584523333332, 'materials': 0.06755678333333337, 'yield': 1, '# man steps': 0}, {'reaction': 'SNAr', 'StepScore': 393.85419070636124, 'cost': 393.85419070636124, 'time': 20.099532983070638, 'money': 344.5155888, 'materials': 0.056877516666666676, 'yield': 1, '# man steps': 1}, {'reaction': 'Buchwald_deprotection', 'StepScore': 220.6507577663029, 'cost': 220.6507577663029, 'time': 20.099532983070638, 'money': 344.393869, 'materials': 0.031876016666666666, 'yield': 1, '# man steps': 1}, {'reaction': 'Buchwald', 'StepScore': 224.0178549586641, 'cost': 224.0178549586641, 'time': 18.553415061295972, 'money': 321.03299246666666, 'materials': 0.0376105, 'yield': 1, '# man steps': 1}]","{'RouteScore': 50398545.93531462, 'Cost factor': 50398545.93531462, 'sum Stepscores': 839.975765588577, 'n_Target': 1.6666666666666667e-05}",0.017320249999999995,50398545.93531462,7.702418006656264,3.0,True,S-B,Automated,After
28,425.0,CC(C)(C)OC(=O)n1ccc2cc(B3OC(C)(C)C(C)(C)O3)ccc21,CC(C)(C)OC(=O)n1ccc2cc(-c3cccc([B-]45OC(=O)C[N+]4(C)CC(=O)O5)c3F)ccc21,C[N+]12CC(=O)O[B-]1(c1cccc(Br)c1F)OC(=O)C2,CC(C)(C)c1ccc2c(Br)c3ccccc3c(Br)c2c1,CC(C)(C)c1ccc2c(-c3cccc(-c4ccc5c(ccn5-c5cnccn5)c4)c3-n3c4ccccc4c4ccccc43)c3ccccc3c(-c3cccc(-c4ccc5c(ccn5-c5cnccn5)c4)c3-n3c4ccccc4c4ccccc43)c2c1,CC(C)(C)OC(=O)n1ccc2cc(-c3cccc(-c4c5ccccc5c(-c5cccc(-c6ccc7c(ccn7C(=O)OC(C)(C)C)c6)c5F)c5cc(C(C)(C)C)ccc45)c3F)ccc21,c1ccc2c(c1)[nH]c1ccccc12,CC(C)(C)OC(=O)n1ccc2cc(-c3cccc(-c4c5ccccc5c(-c5cccc(-c6ccc7c(ccn7C(=O)OC(C)(C)C)c6)c5-n5c6ccccc6c6ccccc65)c5cc(C(C)(C)C)ccc45)c3-n3c4ccccc4c4ccccc43)ccc21,CC(C)(C)c1ccc2c(-c3cccc(-c4ccc5[nH]ccc5c4)c3-n3c4ccccc4c4ccccc43)c3ccccc3c(-c3cccc(-c4ccc5[nH]ccc5c4)c3-n3c4ccccc4c4ccccc43)c2c1,Brc1nccnc1,"[{'reaction': 'Suzuki', 'StepScore': 1.223080388597903, 'cost': 1.223080388597903, 'time': 0.24804259351539967, 'money': 27.041102866666666, 'materials': 0.18234940000000002, 'yield': 1, '# man steps': 0}, {'reaction': 'Suzuki', 'StepScore': 0.37182311281683394, 'cost': 0.37182311281683394, 'time': 0.24804259351539967, 'money': 21.843576766666665, 'materials': 0.06862563333333337, 'yield': 1, '# man steps': 0}, {'reaction': 'SNAr', 'StepScore': 401.25555202464125, 'cost': 401.25555202464125, 'time': 20.099532983070638, 'money': 344.5155888, 'materials': 0.05794636666666667, 'yield': 1, '# man steps': 1}, {'reaction': 'Buchwald_deprotection', 'StepScore': 228.04950413115645, 'cost': 228.04950413115645, 'time': 20.099532983070638, 'money': 344.393869, 'materials': 0.03294486666666666, 'yield': 1, '# man steps': 1}, {'reaction': 'Buchwald', 'StepScore': 230.3842017041891, 'cost': 230.3842017041891, 'time': 18.553415061295972, 'money': 321.03299246666666, 'materials': 0.03867935, 'yield': 1, '# man steps': 1}]","{'RouteScore': 51677049.68168409, 'Cost factor': 51677049.68168409, 'sum Stepscores': 861.2841613614015, 'n_Target': 1.6666666666666667e-05}",0.0183891,51677049.68168409,7.713297711187887,3.0,True,S-B,Automated,After
29,426.0,CC(C)(C)OC(=O)n1ccc2cc(B3OC(C)(C)C(C)(C)O3)ccc21,CC(C)(C)OC(=O)n1ccc2cc(-c3cccc([B-]45OC(=O)C[N+]4(C)CC(=O)O5)c3F)ccc21,C[N+]12CC(=O)O[B-]1(c1cccc(Br)c1F)OC(=O)C2,Fc1cc(Br)c(F)cc1Br,Fc1cc(-c2cccc(-c3ccc4c(ccn4-c4cnccn4)c3)c2-n2c3ccccc3c3ccccc32)c(F)cc1-c1cccc(-c2ccc3c(ccn3-c3cnccn3)c2)c1-n1c2ccccc2c2ccccc21,CC(C)(C)OC(=O)n1ccc2cc(-c3cccc(-c4cc(F)c(-c5cccc(-c6ccc7c(ccn7C(=O)OC(C)(C)C)c6)c5F)cc4F)c3F)ccc21,c1ccc2c(c1)[nH]c1ccccc12,CC(C)(C)OC(=O)n1ccc2cc(-c3cccc(-c4cc(F)c(-c5cccc(-c6ccc7c(ccn7C(=O)OC(C)(C)C)c6)c5-n5c6ccccc6c6ccccc65)cc4F)c3-n3c4ccccc4c4ccccc43)ccc21,Fc1cc(-c2cccc(-c3ccc4[nH]ccc4c3)c2-n2c3ccccc3c3ccccc32)c(F)cc1-c1cccc(-c2ccc3[nH]ccc3c2)c1-n1c2ccccc2c2ccccc21,Brc1nccnc1,"[{'reaction': 'Suzuki', 'StepScore': 1.223080388597903, 'cost': 1.223080388597903, 'time': 0.24804259351539967, 'money': 27.041102866666666, 'materials': 0.18234940000000002, 'yield': 1, '# man steps': 0}, {'reaction': 'Suzuki', 'StepScore': 0.21563096935674247, 'cost': 0.21563096935674247, 'time': 0.24804259351539967, 'money': 13.048796699999999, 'materials': 0.06662150000000003, 'yield': 1, '# man steps': 0}, {'reaction': 'SNAr', 'StepScore': 387.3777254540196, 'cost': 387.3777254540196, 'time': 20.099532983070638, 'money': 344.5155888, 'materials': 0.05594223333333334, 'yield': 1, '# man steps': 1}, {'reaction': 'Buchwald_deprotection', 'StepScore': 214.17658069505043, 'cost': 214.17658069505043, 'time': 20.099532983070638, 'money': 344.393869, 'materials': 0.030940733333333328, 'yield': 1, '# man steps': 1}, {'reaction': 'Buchwald', 'StepScore': 218.44706578776976, 'cost': 218.44706578776976, 'time': 18.553415061295972, 'money': 321.03299246666666, 'materials': 0.03667521666666667, 'yield': 1, '# man steps': 1}]","{'RouteScore': 49286404.99768767, 'Cost factor': 49286404.99768767, 'sum Stepscores': 821.4400832947945, 'n_Target': 1.6666666666666667e-05}",0.016384966666666664,49286404.99768767,7.692727141412862,3.0,True,S-B,Automated,After
31,428.0,CC(C)(C)OC(=O)n1ccc2cc(B3OC(C)(C)C(C)(C)O3)ccc21,CC(C)(C)OC(=O)n1ccc2cc(-c3cccc([B-]45OC(=O)C[N+]4(C)CC(=O)O5)c3F)ccc21,C[N+]12CC(=O)O[B-]1(c1cccc(Br)c1F)OC(=O)C2,Brc1ccc(Br)o1,c1cc(-c2ccc3c(ccn3-c3cnccn3)c2)c(-n2c3ccccc3c3ccccc32)c(-c2ccc(-c3cccc(-c4ccc5c(ccn5-c5cnccn5)c4)c3-n3c4ccccc4c4ccccc43)o2)c1,CC(C)(C)OC(=O)n1ccc2cc(-c3cccc(-c4ccc(-c5cccc(-c6ccc7c(ccn7C(=O)OC(C)(C)C)c6)c5F)o4)c3F)ccc21,c1ccc2c(c1)[nH]c1ccccc12,CC(C)(C)OC(=O)n1ccc2cc(-c3cccc(-c4ccc(-c5cccc(-c6ccc7c(ccn7C(=O)OC(C)(C)C)c6)c5-n5c6ccccc6c6ccccc65)o4)c3-n3c4ccccc4c4ccccc43)ccc21,c1cc(-c2ccc3[nH]ccc3c2)c(-n2c3ccccc3c3ccccc32)c(-c2ccc(-c3cccc(-c4ccc5[nH]ccc5c4)c3-n3c4ccccc4c4ccccc43)o2)c1,Brc1nccnc1,"[{'reaction': 'Suzuki', 'StepScore': 1.223080388597903, 'cost': 1.223080388597903, 'time': 0.24804259351539967, 'money': 27.041102866666666, 'materials': 0.18234940000000002, 'yield': 1, '# man steps': 0}, {'reaction': 'Suzuki', 'StepScore': 0.22891210258699332, 'cost': 0.22891210258699332, 'time': 0.24804259351539967, 'money': 14.013832559999999, 'materials': 0.0658545166666667, 'yield': 1, '# man steps': 0}, {'reaction': 'SNAr', 'StepScore': 382.066670792375, 'cost': 382.066670792375, 'time': 20.099532983070638, 'money': 344.5155888, 'materials': 0.05517525000000001, 'yield': 1, '# man steps': 1}, {'reaction': 'Buchwald_deprotection', 'StepScore': 208.86740246667105, 'cost': 208.86740246667105, 'time': 20.099532983070638, 'money': 344.393869, 'materials': 0.030173749999999996, 'yield': 1, '# man steps': 1}, {'reaction': 'Buchwald', 'StepScore': 213.87871489846015, 'cost': 213.87871489846015, 'time': 18.553415061295972, 'money': 321.03299246666666, 'materials': 0.03590823333333334, 'yield': 1, '# man steps': 1}]","{'RouteScore': 48375886.838921465, 'Cost factor': 48375886.838921465, 'sum Stepscores': 806.2647806486912, 'n_Target': 1.6666666666666667e-05}",0.015617983333333332,48375886.838921465,7.68462893969559,3.0,True,S-B,Automated,After
32,429.0,CC(C)(C)OC(=O)n1ccc2cc(B3OC(C)(C)C(C)(C)O3)ccc21,CC(C)(C)OC(=O)n1ccc2cc(-c3cccc([B-]45OC(=O)C[N+]4(C)CC(=O)O5)c3F)ccc21,C[N+]12CC(=O)O[B-]1(c1cccc(Br)c1F)OC(=O)C2,Brc1ccc2c(c1)C1(c3ccccc3-c3ccccc31)c1cc(Br)ccc1-2,c1ccc2c(c1)-c1ccccc1C21c2cc(-c3cccc(-c4ccc5c(ccn5-c5cnccn5)c4)c3-n3c4ccccc4c4ccccc43)ccc2-c2ccc(-c3cccc(-c4ccc5c(ccn5-c5cnccn5)c4)c3-n3c4ccccc4c4ccccc43)cc21,CC(C)(C)OC(=O)n1ccc2cc(-c3cccc(-c4ccc5c(c4)C4(c6ccccc6-c6ccccc64)c4cc(-c6cccc(-c7ccc8c(ccn8C(=O)OC(C)(C)C)c7)c6F)ccc4-5)c3F)ccc21,c1ccc2c(c1)[nH]c1ccccc12,CC(C)(C)OC(=O)n1ccc2cc(-c3cccc(-c4ccc5c(c4)C4(c6ccccc6-c6ccccc64)c4cc(-c6cccc(-c7ccc8c(ccn8C(=O)OC(C)(C)C)c7)c6-n6c7ccccc7c7ccccc76)ccc4-5)c3-n3c4ccccc4c4ccccc43)ccc21,c1ccc2c(c1)-c1ccccc1C21c2cc(-c3cccc(-c4ccc5[nH]ccc5c4)c3-n3c4ccccc4c4ccccc43)ccc2-c2ccc(-c3cccc(-c4ccc5[nH]ccc5c4)c3-n3c4ccccc4c4ccccc43)cc21,Brc1nccnc1,"[{'reaction': 'Suzuki', 'StepScore': 1.223080388597903, 'cost': 1.223080388597903, 'time': 0.24804259351539967, 'money': 27.041102866666666, 'materials': 0.18234940000000002, 'yield': 1, '# man steps': 0}, {'reaction': 'Suzuki', 'StepScore': 0.24247726298478434, 'cost': 0.24247726298478434, 'time': 0.24804259351539967, 'money': 13.96651925, 'materials': 0.06999331666666671, 'yield': 1, '# man steps': 0}, {'reaction': 'SNAr', 'StepScore': 410.7262153721545, 'cost': 410.7262153721545, 'time': 20.099532983070638, 'money': 344.5155888, 'materials': 0.05931405, 'yield': 1, '# man steps': 1}, {'reaction': 'Buchwald_deprotection', 'StepScore': 237.51682142616593, 'cost': 237.51682142616593, 'time': 20.099532983070638, 'money': 344.393869, 'materials': 0.03431255, 'yield': 1, '# man steps': 1}, {'reaction': 'Buchwald', 'StepScore': 238.5304769889114, 'cost': 238.5304769889114, 'time': 18.553415061295972, 'money': 321.03299246666666, 'materials': 0.04004703333333333, 'yield': 1, '# man steps': 1}]","{'RouteScore': 53294344.286328875, 'Cost factor': 53294344.286328875, 'sum Stepscores': 888.2390714388146, 'n_Target': 1.6666666666666667e-05}",0.01975678333333333,53294344.286328875,7.7266811231810735,3.0,True,S-B,Automated,After
33,430.0,CC(C)(C)OC(=O)n1ccc2cc(B3OC(C)(C)C(C)(C)O3)ccc21,CC(C)(C)OC(=O)n1ccc2cc(-c3cccc([B-]45OC(=O)C[N+]4(C)CC(=O)O5)c3F)ccc21,C[N+]12CC(=O)O[B-]1(c1cccc(Br)c1F)OC(=O)C2,Clc1cc(Cl)c(Br)cc1Br,Clc1cc(Cl)c(-c2cccc(-c3ccc4c(ccn4-c4cnccn4)c3)c2-n2c3ccccc3c3ccccc32)cc1-c1cccc(-c2ccc3c(ccn3-c3cnccn3)c2)c1-n1c2ccccc2c2ccccc21,CC(C)(C)OC(=O)n1ccc2cc(-c3cccc(-c4cc(-c5cccc(-c6ccc7c(ccn7C(=O)OC(C)(C)C)c6)c5F)c(Cl)cc4Cl)c3F)ccc21,c1ccc2c(c1)[nH]c1ccccc12,CC(C)(C)OC(=O)n1ccc2cc(-c3cccc(-c4cc(-c5cccc(-c6ccc7c(ccn7C(=O)OC(C)(C)C)c6)c5-n5c6ccccc6c6ccccc65)c(Cl)cc4Cl)c3-n3c4ccccc4c4ccccc43)ccc21,Clc1cc(Cl)c(-c2cccc(-c3ccc4[nH]ccc4c3)c2-n2c3ccccc3c3ccccc32)cc1-c1cccc(-c2ccc3[nH]ccc3c2)c1-n1c2ccccc2c2ccccc21,Brc1nccnc1,"[{'reaction': 'Suzuki', 'StepScore': 1.223080388597903, 'cost': 1.223080388597903, 'time': 0.24804259351539967, 'money': 27.041102866666666, 'materials': 0.18234940000000002, 'yield': 1, '# man steps': 0}, {'reaction': 'Suzuki', 'StepScore': 0.3909341892585583, 'cost': 0.3909341892585583, 'time': 0.24804259351539967, 'money': 23.463999541666666, 'materials': 0.06717000000000004, 'yield': 1, '# man steps': 0}, {'reaction': 'SNAr', 'StepScore': 391.1758698925064, 'cost': 391.1758698925064, 'time': 20.099532983070638, 'money': 344.5155888, 'materials': 0.05649073333333334, 'yield': 1, '# man steps': 1}, {'reaction': 'Buchwald_deprotection', 'StepScore': 217.9733832221798, 'cost': 217.9733832221798, 'time': 20.099532983070638, 'money': 344.393869, 'materials': 0.03148923333333333, 'yield': 1, '# man steps': 1}, {'reaction': 'Buchwald', 'StepScore': 221.7140734969155, 'cost': 221.7140734969155, 'time': 18.553415061295972, 'money': 321.03299246666666, 'materials': 0.03722371666666666, 'yield': 1, '# man steps': 1}]","{'RouteScore': 49948640.471367486, 'Cost factor': 49948640.471367486, 'sum Stepscores': 832.4773411894581, 'n_Target': 1.6666666666666667e-05}",0.016933466666666664,49948640.471367486,7.698523671864936,3.0,True,S-B,Automated,After
34,431.0,CC(C)(C)OC(=O)n1ccc2cc(B3OC(C)(C)C(C)(C)O3)ccc21,CC(C)(C)OC(=O)n1ccc2cc(-c3cccc([B-]45OC(=O)C[N+]4(C)CC(=O)O5)c3F)ccc21,C[N+]12CC(=O)O[B-]1(c1cccc(Br)c1F)OC(=O)C2,Brc1cnc2nc(Br)ccc2c1,c1cc(-c2cnc3nc(-c4cccc(-c5ccc6c(ccn6-c6cnccn6)c5)c4-n4c5ccccc5c5ccccc54)ccc3c2)c(-n2c3ccccc3c3ccccc32)c(-c2ccc3c(ccn3-c3cnccn3)c2)c1,CC(C)(C)OC(=O)n1ccc2cc(-c3cccc(-c4cnc5nc(-c6cccc(-c7ccc8c(ccn8C(=O)OC(C)(C)C)c7)c6F)ccc5c4)c3F)ccc21,c1ccc2c(c1)[nH]c1ccccc12,CC(C)(C)OC(=O)n1ccc2cc(-c3cccc(-c4cnc5nc(-c6cccc(-c7ccc8c(ccn8C(=O)OC(C)(C)C)c7)c6-n6c7ccccc7c7ccccc76)ccc5c4)c3-n3c4ccccc4c4ccccc43)ccc21,c1cc(-c2cnc3nc(-c4cccc(-c5ccc6[nH]ccc6c5)c4-n4c5ccccc5c5ccccc54)ccc3c2)c(-n2c3ccccc3c3ccccc32)c(-c2ccc3[nH]ccc3c2)c1,Brc1nccnc1,"[{'reaction': 'Suzuki', 'StepScore': 1.223080388597903, 'cost': 1.223080388597903, 'time': 0.24804259351539967, 'money': 27.041102866666666, 'materials': 0.18234940000000002, 'yield': 1, '# man steps': 0}, {'reaction': 'Suzuki', 'StepScore': 0.28209873947917957, 'cost': 0.28209873947917957, 'time': 0.24804259351539967, 'money': 17.002764101666667, 'materials': 0.06688910000000002, 'yield': 1, '# man steps': 0}, {'reaction': 'SNAr', 'StepScore': 389.2307490670352, 'cost': 389.2307490670352, 'time': 20.099532983070638, 'money': 344.5155888, 'materials': 0.05620983333333334, 'yield': 1, '# man steps': 1}, {'reaction': 'Buchwald_deprotection', 'StepScore': 216.0289496216864, 'cost': 216.0289496216864, 'time': 20.099532983070638, 'money': 344.393869, 'materials': 0.03120833333333333, 'yield': 1, '# man steps': 1}, {'reaction': 'Buchwald', 'StepScore': 220.04096052426456, 'cost': 220.04096052426456, 'time': 18.553415061295972, 'money': 321.03299246666666, 'materials': 0.03694281666666667, 'yield': 1, '# man steps': 1}]","{'RouteScore': 49608350.30046379, 'Cost factor': 49608350.30046379, 'sum Stepscores': 826.8058383410632, 'n_Target': 1.6666666666666667e-05}",0.016652566666666663,49608350.30046379,7.695554785042274,3.0,True,S-B,Automated,After
35,432.0,CC(C)(C)OC(=O)n1ccc2cc(B3OC(C)(C)C(C)(C)O3)ccc21,CC(C)(C)OC(=O)n1ccc2cc(-c3cccc([B-]45OC(=O)C[N+]4(C)CC(=O)O5)c3F)ccc21,C[N+]12CC(=O)O[B-]1(c1cccc(Br)c1F)OC(=O)C2,Brc1cccc2cccc(Br)c12,c1cc(-c2ccc3c(ccn3-c3cnccn3)c2)c(-n2c3ccccc3c3ccccc32)c(-c2cccc3cccc(-c4cccc(-c5ccc6c(ccn6-c6cnccn6)c5)c4-n4c5ccccc5c5ccccc54)c23)c1,CC(C)(C)OC(=O)n1ccc2cc(-c3cccc(-c4cccc5cccc(-c6cccc(-c7ccc8c(ccn8C(=O)OC(C)(C)C)c7)c6F)c45)c3F)ccc21,c1ccc2c(c1)[nH]c1ccccc12,CC(C)(C)OC(=O)n1ccc2cc(-c3cccc(-c4cccc5cccc(-c6cccc(-c7ccc8c(ccn8C(=O)OC(C)(C)C)c7)c6-n6c7ccccc7c7ccccc76)c45)c3-n3c4ccccc4c4ccccc43)ccc21,c1cc(-c2ccc3[nH]ccc3c2)c(-n2c3ccccc3c3ccccc32)c(-c2cccc3cccc(-c4cccc(-c5ccc6[nH]ccc6c5)c4-n4c5ccccc5c5ccccc54)c23)c1,Brc1nccnc1,"[{'reaction': 'Suzuki', 'StepScore': 1.223080388597903, 'cost': 1.223080388597903, 'time': 0.24804259351539967, 'money': 27.041102866666666, 'materials': 0.18234940000000002, 'yield': 1, '# man steps': 0}, {'reaction': 'Suzuki', 'StepScore': 0.22410379991815643, 'cost': 0.22410379991815643, 'time': 0.24804259351539967, 'money': 13.513924399999999, 'materials': 0.0668561666666667, 'yield': 1, '# man steps': 0}, {'reaction': 'SNAr', 'StepScore': 389.002698826669, 'cost': 389.002698826669, 'time': 20.099532983070638, 'money': 344.5155888, 'materials': 0.0561769, 'yield': 1, '# man steps': 1}, {'reaction': 'Buchwald_deprotection', 'StepScore': 215.80097995308694, 'cost': 215.80097995308694, 'time': 20.099532983070638, 'money': 344.393869, 'materials': 0.031175399999999995, 'yield': 1, '# man steps': 1}, {'reaction': 'Buchwald', 'StepScore': 219.8448010823541, 'cost': 219.8448010823541, 'time': 18.553415061295972, 'money': 321.03299246666666, 'materials': 0.03690988333333333, 'yield': 1, '# man steps': 1}]","{'RouteScore': 49565739.84303757, 'Cost factor': 49565739.84303757, 'sum Stepscores': 826.0956640506262, 'n_Target': 1.6666666666666667e-05}",0.01661963333333333,49565739.84303757,7.695181593059499,3.0,True,S-B,Automated,After
36,433.0,CC(C)(C)OC(=O)n1ccc2cc(B3OC(C)(C)C(C)(C)O3)ccc21,CC(C)(C)OC(=O)n1ccc2cc(-c3cccc([B-]45OC(=O)C[N+]4(C)CC(=O)O5)c3F)ccc21,C[N+]12CC(=O)O[B-]1(c1cccc(Br)c1F)OC(=O)C2,CCCCC(CC)CC1(CC(CC)CCCC)c2cc(I)ccc2-c2ccc(I)cc21,CCCCC(CC)CC1(CC(CC)CCCC)c2cc(-c3cccc(-c4ccc5c(ccn5-c5cnccn5)c4)c3-n3c4ccccc4c4ccccc43)ccc2-c2ccc(-c3cccc(-c4ccc5c(ccn5-c5cnccn5)c4)c3-n3c4ccccc4c4ccccc43)cc21,CCCCC(CC)CC1(CC(CC)CCCC)c2cc(-c3cccc(-c4ccc5c(ccn5C(=O)OC(C)(C)C)c4)c3F)ccc2-c2ccc(-c3cccc(-c4ccc5c(ccn5C(=O)OC(C)(C)C)c4)c3F)cc21,c1ccc2c(c1)[nH]c1ccccc12,CCCCC(CC)CC1(CC(CC)CCCC)c2cc(-c3cccc(-c4ccc5c(ccn5C(=O)OC(C)(C)C)c4)c3-n3c4ccccc4c4ccccc43)ccc2-c2ccc(-c3cccc(-c4ccc5c(ccn5C(=O)OC(C)(C)C)c4)c3-n3c4ccccc4c4ccccc43)cc21,CCCCC(CC)CC1(CC(CC)CCCC)c2cc(-c3cccc(-c4ccc5[nH]ccc5c4)c3-n3c4ccccc4c4ccccc43)ccc2-c2ccc(-c3cccc(-c4ccc5[nH]ccc5c4)c3-n3c4ccccc4c4ccccc43)cc21,Brc1nccnc1,"[{'reaction': 'Suzuki', 'StepScore': 1.223080388597903, 'cost': 1.223080388597903, 'time': 0.24804259351539967, 'money': 27.041102866666666, 'materials': 0.18234940000000002, 'yield': 1, '# man steps': 0}, {'reaction': 'Suzuki', 'StepScore': 0.2375833010591191, 'cost': 0.2375833010591191, 'time': 0.24804259351539967, 'money': 13.157491074666666, 'materials': 0.0727975166666667, 'yield': 1, '# man steps': 0}, {'reaction': 'SNAr', 'StepScore': 419.295641712067, 'cost': 419.295641712067, 'time': 20.099532983070638, 'money': 344.5155888, 'materials': 0.06055158333333333, 'yield': 1, '# man steps': 1}, {'reaction': 'Buchwald_deprotection', 'StepScore': 246.0832201269987, 'cost': 246.0832201269987, 'time': 20.099532983070638, 'money': 344.393869, 'materials': 0.03555008333333332, 'yield': 1, '# man steps': 1}, {'reaction': 'Buchwald', 'StepScore': 245.90154524839156, 'cost': 245.90154524839156, 'time': 18.553415061295972, 'money': 321.03299246666666, 'materials': 0.04128456666666666, 'yield': 1, '# man steps': 1}]","{'RouteScore': 54764464.246626854, 'Cost factor': 54764464.246626854, 'sum Stepscores': 912.7410707771143, 'n_Target': 1.6666666666666667e-05}",0.020994316666666662,54764464.246626854,7.738498843381803,3.0,True,S-B,Automated,After
37,434.0,CC(C)(C)OC(=O)n1ccc2cc(B3OC(C)(C)C(C)(C)O3)ccc21,CC(C)(C)OC(=O)n1ccc2cc(-c3cccc([B-]45OC(=O)C[N+]4(C)CC(=O)O5)c3F)ccc21,C[N+]12CC(=O)O[B-]1(c1cccc(Br)c1F)OC(=O)C2,Fc1c(F)c(Br)c2nsnc2c1Br,Fc1c(F)c(-c2cccc(-c3ccc4c(ccn4-c4cnccn4)c3)c2-n2c3ccccc3c3ccccc32)c2nsnc2c1-c1cccc(-c2ccc3c(ccn3-c3cnccn3)c2)c1-n1c2ccccc2c2ccccc21,CC(C)(C)OC(=O)n1ccc2cc(-c3cccc(-c4c(F)c(F)c(-c5cccc(-c6ccc7c(ccn7C(=O)OC(C)(C)C)c6)c5F)c5nsnc45)c3F)ccc21,c1ccc2c(c1)[nH]c1ccccc12,CC(C)(C)OC(=O)n1ccc2cc(-c3cccc(-c4c(F)c(F)c(-c5cccc(-c6ccc7c(ccn7C(=O)OC(C)(C)C)c6)c5-n5c6ccccc6c6ccccc65)c5nsnc45)c3-n3c4ccccc4c4ccccc43)ccc21,Fc1c(F)c(-c2cccc(-c3ccc4[nH]ccc4c3)c2-n2c3ccccc3c3ccccc32)c2nsnc2c1-c1cccc(-c2ccc3[nH]ccc3c2)c1-n1c2ccccc2c2ccccc21,Brc1nccnc1,"[{'reaction': 'Suzuki', 'StepScore': 1.223080388597903, 'cost': 1.223080388597903, 'time': 0.24804259351539967, 'money': 27.041102866666666, 'materials': 0.18234940000000002, 'yield': 1, '# man steps': 0}, {'reaction': 'Suzuki', 'StepScore': 0.2288872174296277, 'cost': 0.2288872174296277, 'time': 0.24804259351539967, 'money': 13.652671745, 'materials': 0.06758925000000003, 'yield': 1, '# man steps': 0}, {'reaction': 'SNAr', 'StepScore': 394.07900946558857, 'cost': 394.07900946558857, 'time': 20.099532983070638, 'money': 344.5155888, 'materials': 0.05690998333333334, 'yield': 1, '# man steps': 1}, {'reaction': 'Buchwald_deprotection', 'StepScore': 220.8754970954687, 'cost': 220.8754970954687, 'time': 20.099532983070638, 'money': 344.393869, 'materials': 0.03190848333333333, 'yield': 1, '# man steps': 1}, {'reaction': 'Buchwald', 'StepScore': 224.21123481334092, 'cost': 224.21123481334092, 'time': 18.553415061295972, 'money': 321.03299246666666, 'materials': 0.03764296666666666, 'yield': 1, '# man steps': 1}]","{'RouteScore': 50437062.53882554, 'Cost factor': 50437062.53882554, 'sum Stepscores': 840.6177089804257, 'n_Target': 1.6666666666666667e-05}",0.01735271666666666,50437062.53882554,7.7027497852696545,3.0,True,S-B,Automated,After
39,436.0,CC(C)(C)OC(=O)n1ccc2cc(B3OC(C)(C)C(C)(C)O3)ccc21,CC(C)(C)OC(=O)n1ccc2cc(-c3cccc([B-]45OC(=O)C[N+]4(C)CC(=O)O5)c3F)ccc21,C[N+]12CC(=O)O[B-]1(c1cccc(Br)c1F)OC(=O)C2,Brc1ccc2nc3ccc(Br)cc3nc2c1,c1cc(-c2ccc3c(ccn3-c3cnccn3)c2)c(-n2c3ccccc3c3ccccc32)c(-c2ccc3nc4ccc(-c5cccc(-c6ccc7c(ccn7-c7cnccn7)c6)c5-n5c6ccccc6c6ccccc65)cc4nc3c2)c1,CC(C)(C)OC(=O)n1ccc2cc(-c3cccc(-c4ccc5nc6ccc(-c7cccc(-c8ccc9c(ccn9C(=O)OC(C)(C)C)c8)c7F)cc6nc5c4)c3F)ccc21,c1ccc2c(c1)[nH]c1ccccc12,CC(C)(C)OC(=O)n1ccc2cc(-c3cccc(-c4ccc5nc6ccc(-c7cccc(-c8ccc9c(ccn9C(=O)OC(C)(C)C)c8)c7-n7c8ccccc8c8ccccc87)cc6nc5c4)c3-n3c4ccccc4c4ccccc43)ccc21,c1cc(-c2ccc3[nH]ccc3c2)c(-n2c3ccccc3c3ccccc32)c(-c2ccc3nc4ccc(-c5cccc(-c6ccc7[nH]ccc7c6)c5-n5c6ccccc6c6ccccc65)cc4nc3c2)c1,Brc1nccnc1,"[{'reaction': 'Suzuki', 'StepScore': 1.223080388597903, 'cost': 1.223080388597903, 'time': 0.24804259351539967, 'money': 27.041102866666666, 'materials': 0.18234940000000002, 'yield': 1, '# man steps': 0}, {'reaction': 'Suzuki', 'StepScore': 0.3347038454754008, 'cost': 0.3347038454754008, 'time': 0.24804259351539967, 'money': 19.924868841666665, 'materials': 0.06772343333333336, 'yield': 1, '# man steps': 0}, {'reaction': 'SNAr', 'StepScore': 395.0081757030318, 'cost': 395.0081757030318, 'time': 20.099532983070638, 'money': 344.5155888, 'materials': 0.057044166666666674, 'yield': 1, '# man steps': 1}, {'reaction': 'Buchwald_deprotection', 'StepScore': 221.8043350518928, 'cost': 221.8043350518928, 'time': 20.099532983070638, 'money': 344.393869, 'materials': 0.03204266666666666, 'yield': 1, '# man steps': 1}, {'reaction': 'Buchwald', 'StepScore': 225.01046541395883, 'cost': 225.01046541395883, 'time': 18.553415061295972, 'money': 321.03299246666666, 'materials': 0.03777715, 'yield': 1, '# man steps': 1}]","{'RouteScore': 50602845.624177404, 'Cost factor': 50602845.624177404, 'sum Stepscores': 843.3807604029568, 'n_Target': 1.6666666666666667e-05}",0.017486899999999996,50602845.624177404,7.704174939846297,3.0,True,S-B,Automated,After
40,458.0,CC(C)(C)OC(=O)n1ccc2cc(B3OC(C)(C)C(C)(C)O3)ccc21,CC(C)(C)OC(=O)n1ccc2cc(-c3cccc(F)c3[B-]34OC(=O)C[N+]3(C)CC(=O)O4)ccc21,C[N+]12CC(=O)O[B-]1(c1c(F)cccc1Br)OC(=O)C2,Fc1cc(Br)c(F)cc1Br,Fc1cccc(-c2ccc3c(ccn3-c3cnccn3)c2)c1-c1cc(-n2c3ccccc3c3ccccc32)c(-c2c(F)cccc2-c2ccc3c(ccn3-c3cnccn3)c2)cc1-n1c2ccccc2c2ccccc21,CC(C)(C)OC(=O)n1ccc2cc(-c3cccc(F)c3-c3cc(F)c(-c4c(F)cccc4-c4ccc5c(ccn5C(=O)OC(C)(C)C)c4)cc3F)ccc21,c1ccc2c(c1)[nH]c1ccccc12,CC(C)(C)OC(=O)n1ccc2cc(-c3cccc(F)c3-c3cc(-n4c5ccccc5c5ccccc54)c(-c4c(F)cccc4-c4ccc5c(ccn5C(=O)OC(C)(C)C)c4)cc3-n3c4ccccc4c4ccccc43)ccc21,Fc1cccc(-c2ccc3[nH]ccc3c2)c1-c1cc(-n2c3ccccc3c3ccccc32)c(-c2c(F)cccc2-c2ccc3[nH]ccc3c2)cc1-n1c2ccccc2c2ccccc21,Brc1nccnc1,"[{'reaction': 'Suzuki', 'StepScore': 1.2242741749242523, 'cost': 1.2242741749242523, 'time': 0.24804259351539967, 'money': 27.067496306666666, 'materials': 0.18234940000000002, 'yield': 1, '# man steps': 0}, {'reaction': 'Suzuki', 'StepScore': 0.21563096935674247, 'cost': 0.21563096935674247, 'time': 0.24804259351539967, 'money': 13.048796699999999, 'materials': 0.06662150000000003, 'yield': 1, '# man steps': 0}, {'reaction': 'SNAr', 'StepScore': 387.3777254540196, 'cost': 387.3777254540196, 'time': 20.099532983070638, 'money': 344.5155888, 'materials': 0.05594223333333334, 'yield': 1, '# man steps': 1}, {'reaction': 'Buchwald_deprotection', 'StepScore': 214.17658069505046, 'cost': 214.17658069505046, 'time': 20.099532983070638, 'money': 344.393869, 'materials': 0.030940733333333335, 'yield': 1, '# man steps': 1}, {'reaction': 'Buchwald', 'StepScore': 218.44706578776976, 'cost': 218.44706578776976, 'time': 18.553415061295972, 'money': 321.03299246666666, 'materials': 0.03667521666666667, 'yield': 1, '# man steps': 1}]","{'RouteScore': 49286476.62486725, 'Cost factor': 49286476.62486725, 'sum Stepscores': 821.4412770811209, 'n_Target': 1.6666666666666667e-05}",0.016384966666666664,49286476.62486725,7.6927277725659415,3.0,True,S-B,Automated,After
41,477.0,CC(C)(C)OC(=O)n1ccc2cc(B3OC(C)(C)C(C)(C)O3)ccc21,CC(C)(C)OC(=O)n1ccc2cc(-c3cccc([B-]45OC(=O)C[N+]4(C)CC(=O)O5)c3F)ccc21,C[N+]12CC(=O)O[B-]1(c1cccc(Br)c1F)OC(=O)C2,Fc1cc(Br)c(F)cc1Br,Fc1c(-c2ccc3c(ccn3-c3cnccn3)c2)cccc1-c1cc(-n2c3ccccc3c3ccccc32)c(-c2cccc(-c3ccc4c(ccn4-c4cnccn4)c3)c2F)cc1-n1c2ccccc2c2ccccc21,CC(C)(C)OC(=O)n1ccc2cc(-c3cccc(-c4cc(F)c(-c5cccc(-c6ccc7c(ccn7C(=O)OC(C)(C)C)c6)c5F)cc4F)c3F)ccc21,c1ccc2c(c1)[nH]c1ccccc12,CC(C)(C)OC(=O)n1ccc2cc(-c3cccc(-c4cc(-n5c6ccccc6c6ccccc65)c(-c5cccc(-c6ccc7c(ccn7C(=O)OC(C)(C)C)c6)c5F)cc4-n4c5ccccc5c5ccccc54)c3F)ccc21,Fc1c(-c2ccc3[nH]ccc3c2)cccc1-c1cc(-n2c3ccccc3c3ccccc32)c(-c2cccc(-c3ccc4[nH]ccc4c3)c2F)cc1-n1c2ccccc2c2ccccc21,Brc1nccnc1,"[{'reaction': 'Suzuki', 'StepScore': 1.223080388597903, 'cost': 1.223080388597903, 'time': 0.24804259351539967, 'money': 27.041102866666666, 'materials': 0.18234940000000002, 'yield': 1, '# man steps': 0}, {'reaction': 'Suzuki', 'StepScore': 0.21563096935674247, 'cost': 0.21563096935674247, 'time': 0.24804259351539967, 'money': 13.048796699999999, 'materials': 0.06662150000000003, 'yield': 1, '# man steps': 0}, {'reaction': 'SNAr', 'StepScore': 387.3777254540196, 'cost': 387.3777254540196, 'time': 20.099532983070638, 'money': 344.5155888, 'materials': 0.05594223333333334, 'yield': 1, '# man steps': 1}, {'reaction': 'Buchwald_deprotection', 'StepScore': 214.17658069505046, 'cost': 214.17658069505046, 'time': 20.099532983070638, 'money': 344.393869, 'materials': 0.030940733333333335, 'yield': 1, '# man steps': 1}, {'reaction': 'Buchwald', 'StepScore': 218.44706578776976, 'cost': 218.44706578776976, 'time': 18.553415061295972, 'money': 321.03299246666666, 'materials': 0.03667521666666667, 'yield': 1, '# man steps': 1}]","{'RouteScore': 49286404.99768767, 'Cost factor': 49286404.99768767, 'sum Stepscores': 821.4400832947945, 'n_Target': 1.6666666666666667e-05}",0.016384966666666664,49286404.99768767,7.692727141412862,3.0,True,S-B,Automated,After
42,496.0,CC(C)(C)OC(=O)n1ccc2cc(B3OC(C)(C)C(C)(C)O3)ccc21,Cn1ncc(-c2ccc3c(ccn3C(=O)OC(C)(C)C)c2)c1[B-]12OC(=O)C[N+]1(C)CC(=O)O2,Cn1ncc(Br)c1[B-]12OC(=O)C[N+]1(C)CC(=O)O2,Fc1cc(Br)c(F)cc1Br,Cn1ncc(-c2ccc3c(ccn3-c3cnccn3)c2)c1-c1cc(-n2c3ccccc3c3ccccc32)c(-c2c(-c3ccc4c(ccn4-c4cnccn4)c3)cnn2C)cc1-n1c2ccccc2c2ccccc21,Cn1ncc(-c2ccc3c(ccn3C(=O)OC(C)(C)C)c2)c1-c1cc(F)c(-c2c(-c3ccc4c(ccn4C(=O)OC(C)(C)C)c3)cnn2C)cc1F,c1ccc2c(c1)[nH]c1ccccc12,Cn1ncc(-c2ccc3c(ccn3C(=O)OC(C)(C)C)c2)c1-c1cc(-n2c3ccccc3c3ccccc32)c(-c2c(-c3ccc4c(ccn4C(=O)OC(C)(C)C)c3)cnn2C)cc1-n1c2ccccc2c2ccccc21,Cn1ncc(-c2ccc3[nH]ccc3c2)c1-c1cc(-n2c3ccccc3c3ccccc32)c(-c2c(-c3ccc4[nH]ccc4c3)cnn2C)cc1-n1c2ccccc2c2ccccc21,Brc1nccnc1,"[{'reaction': 'Suzuki', 'StepScore': 1.2074279815133022, 'cost': 1.2074279815133022, 'time': 0.24804259351539967, 'money': 26.901552566666663, 'materials': 0.18094960000000002, 'yield': 1, '# man steps': 0}, {'reaction': 'Suzuki', 'StepScore': 0.21110029636220515, 'cost': 0.21110029636220515, 'time': 0.24804259351539967, 'money': 13.048796699999999, 'materials': 0.06522170000000002, 'yield': 1, '# man steps': 0}, {'reaction': 'SNAr', 'StepScore': 384.1467059553907, 'cost': 384.1467059553907, 'time': 20.099532983070638, 'money': 344.5155888, 'materials': 0.055475633333333337, 'yield': 1, '# man steps': 1}, {'reaction': 'Buchwald_deprotection', 'StepScore': 210.94670273851708, 'cost': 210.94670273851708, 'time': 20.099532983070638, 'money': 344.393869, 'materials': 0.03047413333333333, 'yield': 1, '# man steps': 1}, {'reaction': 'Buchwald', 'StepScore': 215.66787563811172, 'cost': 215.66787563811172, 'time': 18.553415061295972, 'money': 321.03299246666666, 'materials': 0.036208616666666665, 'yield': 1, '# man steps': 1}]","{'RouteScore': 48730788.7565937, 'Cost factor': 48730788.7565937, 'sum Stepscores': 812.179812609895, 'n_Target': 1.6666666666666667e-05}",0.015918366666666663,48730788.7565937,7.687803440929087,3.0,True,S-B,Automated,After
43,515.0,CC(C)(C)OC(=O)n1ccc2cc(B3OC(C)(C)C(C)(C)O3)ccc21,CC(C)(C)OC(=O)n1ccc2cc(-c3cccc([B-]45OC(=O)C[N+]4(C)CC(=O)O5)c3)ccc21,C[N+]12CC(=O)O[B-]1(c1cccc(Br)c1)OC(=O)C2,Fc1cc(Br)c(F)cc1Br,c1cc(-c2ccc3c(ccn3-c3cnccn3)c2)cc(-c2cc(-n3c4ccccc4c4ccccc43)c(-c3cccc(-c4ccc5c(ccn5-c5cnccn5)c4)c3)cc2-n2c3ccccc3c3ccccc32)c1,CC(C)(C)OC(=O)n1ccc2cc(-c3cccc(-c4cc(F)c(-c5cccc(-c6ccc7c(ccn7C(=O)OC(C)(C)C)c6)c5)cc4F)c3)ccc21,c1ccc2c(c1)[nH]c1ccccc12,CC(C)(C)OC(=O)n1ccc2cc(-c3cccc(-c4cc(-n5c6ccccc6c6ccccc65)c(-c5cccc(-c6ccc7c(ccn7C(=O)OC(C)(C)C)c6)c5)cc4-n4c5ccccc5c5ccccc54)c3)ccc21,c1cc(-c2ccc3[nH]ccc3c2)cc(-c2cc(-n3c4ccccc4c4ccccc43)c(-c3cccc(-c4ccc5[nH]ccc5c4)c3)cc2-n2c3ccccc3c3ccccc32)c1,Brc1nccnc1,"[{'reaction': 'Suzuki', 'StepScore': 1.2115655484654362, 'cost': 1.2115655484654362, 'time': 0.24804259351539967, 'money': 27.053421366666665, 'materials': 0.18055040000000006, 'yield': 1, '# man steps': 0}, {'reaction': 'Suzuki', 'StepScore': 0.20980822273781644, 'cost': 0.20980822273781644, 'time': 0.24804259351539967, 'money': 13.048796699999999, 'materials': 0.06482250000000002, 'yield': 1, '# man steps': 0}, {'reaction': 'SNAr', 'StepScore': 383.2252721906724, 'cost': 383.2252721906724, 'time': 20.099532983070638, 'money': 344.5155888, 'materials': 0.05534256666666667, 'yield': 1, '# man steps': 1}, {'reaction': 'Buchwald_deprotection', 'StepScore': 210.02559452288048, 'cost': 210.02559452288048, 'time': 20.099532983070638, 'money': 344.393869, 'materials': 0.030341066666666666, 'yield': 1, '# man steps': 1}, {'reaction': 'Buchwald', 'StepScore': 214.87529619265987, 'cost': 214.87529619265987, 'time': 18.553415061295972, 'money': 321.03299246666666, 'materials': 0.03607555, 'yield': 1, '# man steps': 1}]","{'RouteScore': 48572852.20064496, 'Cost factor': 48572852.20064496, 'sum Stepscores': 809.547536677416, 'n_Target': 1.6666666666666667e-05}",0.0157853,48572852.20064496,7.686393606018487,3.0,True,S-B,Automated,After
44,534.0,CC(C)(C)OC(=O)n1ccc2cc(B3OC(C)(C)C(C)(C)O3)ccc21,CC(C)(C)OC(=O)n1ccc2cc(-c3ccc([B-]45OC(=O)C[N+]4(C)CC(=O)O5)s3)ccc21,C[N+]12CC(=O)O[B-]1(c1ccc(Br)s1)OC(=O)C2,Fc1cc(Br)c(F)cc1Br,c1ccc2c(c1)c1ccccc1n2-c1cc(-c2ccc(-c3ccc4c(ccn4-c4cnccn4)c3)s2)c(-n2c3ccccc3c3ccccc32)cc1-c1ccc(-c2ccc3c(ccn3-c3cnccn3)c2)s1,CC(C)(C)OC(=O)n1ccc2cc(-c3ccc(-c4cc(F)c(-c5ccc(-c6ccc7c(ccn7C(=O)OC(C)(C)C)c6)s5)cc4F)s3)ccc21,c1ccc2c(c1)[nH]c1ccccc12,CC(C)(C)OC(=O)n1ccc2cc(-c3ccc(-c4cc(-n5c6ccccc6c6ccccc65)c(-c5ccc(-c6ccc7c(ccn7C(=O)OC(C)(C)C)c6)s5)cc4-n4c5ccccc5c5ccccc54)s3)ccc21,c1ccc2c(c1)c1ccccc1n2-c1cc(-c2ccc(-c3ccc4[nH]ccc4c3)s2)c(-n2c3ccccc3c3ccccc32)cc1-c1ccc(-c2ccc3[nH]ccc3c2)s1,Brc1nccnc1,"[{'reaction': 'Suzuki', 'StepScore': 1.2306690359636874, 'cost': 1.2306690359636874, 'time': 0.24804259351539967, 'money': 27.388532326666663, 'materials': 0.18115330000000004, 'yield': 1, '# man steps': 0}, {'reaction': 'Suzuki', 'StepScore': 0.21175960346963996, 'cost': 0.21175960346963996, 'time': 0.24804259351539967, 'money': 13.048796699999999, 'materials': 0.06542540000000002, 'yield': 1, '# man steps': 0}, {'reaction': 'SNAr', 'StepScore': 384.6168864610849, 'cost': 384.6168864610849, 'time': 20.099532983070638, 'money': 344.5155888, 'materials': 0.05554353333333334, 'yield': 1, '# man steps': 1}, {'reaction': 'Buchwald_deprotection', 'StepScore': 211.4167171261052, 'cost': 211.4167171261052, 'time': 20.099532983070638, 'money': 344.393869, 'materials': 0.030542033333333333, 'yield': 1, '# man steps': 1}, {'reaction': 'Buchwald', 'StepScore': 216.07230558059305, 'cost': 216.07230558059305, 'time': 18.553415061295972, 'money': 321.03299246666666, 'materials': 0.03627651666666667, 'yield': 1, '# man steps': 1}]","{'RouteScore': 48812900.26843298, 'Cost factor': 48812900.26843298, 'sum Stepscores': 813.5483378072164, 'n_Target': 1.6666666666666667e-05}",0.015986266666666665,48812900.26843298,7.688534612474313,3.0,True,S-B,Automated,After
45,553.0,CC(C)(C)OC(=O)n1ccc2cc(B3OC(C)(C)C(C)(C)O3)ccc21,CC(C)(C)OC(=O)n1ccc2cc(-c3ccccc3[B-]34OC(=O)C[N+]3(C)CC(=O)O4)ccc21,C[N+]12CC(=O)O[B-]1(c1ccccc1Br)OC(=O)C2,Fc1cc(Br)c(F)cc1Br,c1ccc(-c2cc(-n3c4ccccc4c4ccccc43)c(-c3ccccc3-c3ccc4c(ccn4-c4cnccn4)c3)cc2-n2c3ccccc3c3ccccc32)c(-c2ccc3c(ccn3-c3cnccn3)c2)c1,CC(C)(C)OC(=O)n1ccc2cc(-c3ccccc3-c3cc(F)c(-c4ccccc4-c4ccc5c(ccn5C(=O)OC(C)(C)C)c4)cc3F)ccc21,c1ccc2c(c1)[nH]c1ccccc12,CC(C)(C)OC(=O)n1ccc2cc(-c3ccccc3-c3cc(-n4c5ccccc5c5ccccc54)c(-c4ccccc4-c4ccc5c(ccn5C(=O)OC(C)(C)C)c4)cc3-n3c4ccccc4c4ccccc43)ccc21,c1ccc(-c2cc(-n3c4ccccc4c4ccccc43)c(-c3ccccc3-c3ccc4[nH]ccc4c3)cc2-n2c3ccccc3c3ccccc32)c(-c2ccc3[nH]ccc3c2)c1,Brc1nccnc1,"[{'reaction': 'Suzuki', 'StepScore': 1.1837663575820947, 'cost': 1.1837663575820947, 'time': 0.24804259351539967, 'money': 26.432684646666665, 'materials': 0.18055040000000006, 'yield': 1, '# man steps': 0}, {'reaction': 'Suzuki', 'StepScore': 0.20980822273781644, 'cost': 0.20980822273781644, 'time': 0.24804259351539967, 'money': 13.048796699999999, 'materials': 0.06482250000000002, 'yield': 1, '# man steps': 0}, {'reaction': 'SNAr', 'StepScore': 383.2252721906724, 'cost': 383.2252721906724, 'time': 20.099532983070638, 'money': 344.5155888, 'materials': 0.05534256666666667, 'yield': 1, '# man steps': 1}, {'reaction': 'Buchwald_deprotection', 'StepScore': 210.02559452288048, 'cost': 210.02559452288048, 'time': 20.099532983070638, 'money': 344.393869, 'materials': 0.030341066666666666, 'yield': 1, '# man steps': 1}, {'reaction': 'Buchwald', 'StepScore': 214.87529619265987, 'cost': 214.87529619265987, 'time': 18.553415061295972, 'money': 321.03299246666666, 'materials': 0.03607555, 'yield': 1, '# man steps': 1}]","{'RouteScore': 48571184.249191955, 'Cost factor': 48571184.249191955, 'sum Stepscores': 809.5197374865327, 'n_Target': 1.6666666666666667e-05}",0.0157853,48571184.249191955,7.686378692450168,3.0,True,S-B,Automated,After
46,572.0,CC(C)(C)OC(=O)n1ccc2cc(B3OC(C)(C)C(C)(C)O3)ccc21,CC(C)(C)OC(=O)n1ccc2cc(-c3ccc4oc([B-]56OC(=O)C[N+]5(C)CC(=O)O6)cc4c3)ccc21,C[N+]12CC(=O)O[B-]1(c1cc3cc(Br)ccc3o1)OC(=O)C2,Fc1cc(Br)c(F)cc1Br,c1ccc2c(c1)c1ccccc1n2-c1cc(-c2cc3cc(-c4ccc5c(ccn5-c5cnccn5)c4)ccc3o2)c(-n2c3ccccc3c3ccccc32)cc1-c1cc2cc(-c3ccc4c(ccn4-c4cnccn4)c3)ccc2o1,CC(C)(C)OC(=O)n1ccc2cc(-c3ccc4oc(-c5cc(F)c(-c6cc7cc(-c8ccc9c(ccn9C(=O)OC(C)(C)C)c8)ccc7o6)cc5F)cc4c3)ccc21,c1ccc2c(c1)[nH]c1ccccc12,CC(C)(C)OC(=O)n1ccc2cc(-c3ccc4oc(-c5cc(-n6c7ccccc7c7ccccc76)c(-c6cc7cc(-c8ccc9c(ccn9C(=O)OC(C)(C)C)c8)ccc7o6)cc5-n5c6ccccc6c6ccccc65)cc4c3)ccc21,c1ccc2c(c1)c1ccccc1n2-c1cc(-c2cc3cc(-c4ccc5[nH]ccc5c4)ccc3o2)c(-n2c3ccccc3c3ccccc32)cc1-c1cc2cc(-c3ccc4[nH]ccc4c3)ccc2o1,Brc1nccnc1,"[{'reaction': 'Suzuki', 'StepScore': 1.3079162490620262, 'cost': 1.3079162490620262, 'time': 0.24804259351539967, 'money': 28.571545896666663, 'materials': 0.1845525, 'yield': 1, '# man steps': 0}, {'reaction': 'Suzuki', 'StepScore': 0.2227616492211983, 'cost': 0.2227616492211983, 'time': 0.24804259351539967, 'money': 13.048796699999999, 'materials': 0.06882460000000004, 'yield': 1, '# man steps': 0}, {'reaction': 'SNAr', 'StepScore': 392.46292266607077, 'cost': 392.46292266607077, 'time': 20.099532983070638, 'money': 344.5155888, 'materials': 0.05667660000000001, 'yield': 1, '# man steps': 1}, {'reaction': 'Buchwald_deprotection', 'StepScore': 219.25998127087465, 'cost': 219.25998127087465, 'time': 20.099532983070638, 'money': 344.393869, 'materials': 0.031675100000000005, 'yield': 1, '# man steps': 1}, {'reaction': 'Buchwald', 'StepScore': 222.8211433836488, 'cost': 222.8211433836488, 'time': 18.553415061295972, 'money': 321.03299246666666, 'materials': 0.03740958333333333, 'yield': 1, '# man steps': 1}]","{'RouteScore': 50164483.51313264, 'Cost factor': 50164483.51313264, 'sum Stepscores': 836.0747252188773, 'n_Target': 1.6666666666666667e-05}",0.017119333333333327,50164483.51313264,7.700396345167064,3.0,True,S-B,Automated,After
47,610.0,CC(C)(C)OC(=O)n1ccc2cc(B3OC(C)(C)C(C)(C)O3)ccc21,CC(C)(C)OC(=O)n1ccc2cc(-c3ccsc3[B-]34OC(=O)C[N+]3(C)CC(=O)O4)ccc21,C[N+]12CC(=O)O[B-]1(c1sccc1Br)OC(=O)C2,Fc1cc(Br)c(F)cc1Br,c1ccc2c(c1)c1ccccc1n2-c1cc(-c2sccc2-c2ccc3c(ccn3-c3cnccn3)c2)c(-n2c3ccccc3c3ccccc32)cc1-c1sccc1-c1ccc2c(ccn2-c2cnccn2)c1,CC(C)(C)OC(=O)n1ccc2cc(-c3ccsc3-c3cc(F)c(-c4sccc4-c4ccc5c(ccn5C(=O)OC(C)(C)C)c4)cc3F)ccc21,c1ccc2c(c1)[nH]c1ccccc12,CC(C)(C)OC(=O)n1ccc2cc(-c3ccsc3-c3cc(-n4c5ccccc5c5ccccc54)c(-c4sccc4-c4ccc5c(ccn5C(=O)OC(C)(C)C)c4)cc3-n3c4ccccc4c4ccccc43)ccc21,c1ccc2c(c1)c1ccccc1n2-c1cc(-c2sccc2-c2ccc3[nH]ccc3c2)c(-n2c3ccccc3c3ccccc32)cc1-c1sccc1-c1ccc2[nH]ccc2c1,Brc1nccnc1,"[{'reaction': 'Suzuki', 'StepScore': 1.213238901606687, 'cost': 1.213238901606687, 'time': 0.24804259351539967, 'money': 27.000624786666663, 'materials': 0.18115330000000004, 'yield': 1, '# man steps': 0}, {'reaction': 'Suzuki', 'StepScore': 0.21175960346963998, 'cost': 0.21175960346963998, 'time': 0.24804259351539967, 'money': 13.048796699999999, 'materials': 0.06542540000000004, 'yield': 1, '# man steps': 0}, {'reaction': 'SNAr', 'StepScore': 384.6168864610849, 'cost': 384.6168864610849, 'time': 20.099532983070638, 'money': 344.5155888, 'materials': 0.05554353333333334, 'yield': 1, '# man steps': 1}, {'reaction': 'Buchwald_deprotection', 'StepScore': 211.4167171261052, 'cost': 211.4167171261052, 'time': 20.099532983070638, 'money': 344.393869, 'materials': 0.030542033333333333, 'yield': 1, '# man steps': 1}, {'reaction': 'Buchwald', 'StepScore': 216.07230558059305, 'cost': 216.07230558059305, 'time': 18.553415061295972, 'money': 321.03299246666666, 'materials': 0.03627651666666667, 'yield': 1, '# man steps': 1}]","{'RouteScore': 48811854.46037156, 'Cost factor': 48811854.46037156, 'sum Stepscores': 813.5309076728594, 'n_Target': 1.6666666666666667e-05}",0.015986266666666665,48811854.46037156,7.688525307689446,3.0,True,S-B,Automated,After
48,629.0,CC(C)(C)OC(=O)n1ccc2cc(B3OC(C)(C)C(C)(C)O3)ccc21,CC(C)(C)OC(=O)n1ccc2cc(-c3cc([B-]45OC(=O)C[N+]4(C)CC(=O)O5)cc(C(F)(F)F)c3)ccc21,C[N+]12CC(=O)O[B-]1(c1cc(I)cc(C(F)(F)F)c1)OC(=O)C2,Fc1cc(Br)c(F)cc1Br,FC(F)(F)c1cc(-c2ccc3c(ccn3-c3cnccn3)c2)cc(-c2cc(-n3c4ccccc4c4ccccc43)c(-c3cc(-c4ccc5c(ccn5-c5cnccn5)c4)cc(C(F)(F)F)c3)cc2-n2c3ccccc3c3ccccc32)c1,CC(C)(C)OC(=O)n1ccc2cc(-c3cc(-c4cc(F)c(-c5cc(-c6ccc7c(ccn7C(=O)OC(C)(C)C)c6)cc(C(F)(F)F)c5)cc4F)cc(C(F)(F)F)c3)ccc21,c1ccc2c(c1)[nH]c1ccccc12,CC(C)(C)OC(=O)n1ccc2cc(-c3cc(-c4cc(-n5c6ccccc6c6ccccc65)c(-c5cc(-c6ccc7c(ccn7C(=O)OC(C)(C)C)c6)cc(C(F)(F)F)c5)cc4-n4c5ccccc5c5ccccc54)cc(C(F)(F)F)c3)ccc21,FC(F)(F)c1cc(-c2ccc3[nH]ccc3c2)cc(-c2cc(-n3c4ccccc4c4ccccc43)c(-c3cc(-c4ccc5[nH]ccc5c4)cc(C(F)(F)F)c3)cc2-n2c3ccccc3c3ccccc32)c1,Brc1nccnc1,"[{'reaction': 'Suzuki', 'StepScore': 1.5073690026402402, 'cost': 1.5073690026402402, 'time': 0.24804259351539967, 'money': 31.643082166666666, 'materials': 0.19205010000000003, 'yield': 1, '# man steps': 0}, {'reaction': 'Suzuki', 'StepScore': 0.2318165218955214, 'cost': 0.2318165218955214, 'time': 0.24804259351539967, 'money': 13.048796699999999, 'materials': 0.07162220000000002, 'yield': 1, '# man steps': 0}, {'reaction': 'SNAr', 'StepScore': 398.9203452617017, 'cost': 398.9203452617017, 'time': 20.099532983070638, 'money': 344.5155888, 'materials': 0.05760913333333335, 'yield': 1, '# man steps': 1}, {'reaction': 'Buchwald_deprotection', 'StepScore': 225.71512241332195, 'cost': 225.71512241332195, 'time': 20.099532983070638, 'money': 344.393869, 'materials': 0.03260763333333334, 'yield': 1, '# man steps': 1}, {'reaction': 'Buchwald', 'StepScore': 228.3755528440598, 'cost': 228.3755528440598, 'time': 18.553415061295972, 'money': 321.03299246666666, 'materials': 0.03834211666666667, 'yield': 1, '# man steps': 1}]","{'RouteScore': 51285012.36261715, 'Cost factor': 51285012.36261715, 'sum Stepscores': 854.7502060436192, 'n_Target': 1.6666666666666667e-05}",0.018051866666666666,51285012.36261715,7.709990464542064,3.0,True,S-B,Automated,After
